
-- ENTRENADORES
INSERT INTO Entrenador (Nombre, Primer_Apellido, Pais_Origen, Nacimiento) VALUES ('Daniel', 'Pacheco',  'México', '1985-05-12');
INSERT INTO Entrenador (Nombre, Primer_Apellido, Segundo_Apellido, Pais_Origen, Nacimiento) VALUES ('Gonzalo', 'Cochern', 'MacGall', 'Suecia', '1983-12-27');
INSERT INTO Entrenador (Nombre, Primer_Apellido, Segundo_Apellido, Pais_Origen, Nacimiento) VALUES ('Ryann', 'Brook', 'Crocetti', 'Indonesia', '1999-07-16');
INSERT INTO Entrenador (Nombre, Primer_Apellido, Segundo_Apellido, Pais_Origen, Nacimiento) VALUES ('Tiertza', 'McCabe', 'Reasce', 'Francia', '1966-03-23');
INSERT INTO Entrenador (Nombre, Primer_Apellido, Pais_Origen, Nacimiento) VALUES ('Anakin', 'Skywalker','Estados Unidos', '1970-09-30');
INSERT INTO Entrenador (Nombre, Primer_Apellido, Segundo_Apellido, Pais_Origen, Nacimiento) VALUES ('Nertie', 'Ben-Aharon', 'Alves', 'China', '1962-05-24');
INSERT INTO Entrenador (Nombre, Primer_Apellido, Pais_Origen, Nacimiento) VALUES ('Cecelia', 'Hackin', 'Filipinas', '1984-04-26');
INSERT INTO Entrenador (Nombre, Primer_Apellido, Segundo_Apellido, Pais_Origen, Nacimiento) VALUES ('Candra', 'Raphael', 'Savery', 'Estados Unidos', '1966-09-20');
INSERT INTO Entrenador (Nombre, Primer_Apellido, Pais_Origen, Nacimiento) VALUES ('Natal', 'Pergens', 'Argentina', '1971-05-01');
INSERT INTO Entrenador (Nombre, Primer_Apellido, Pais_Origen, Nacimiento) VALUES ('Dyann', 'Kesey', 'Georgia', '1968-12-10');
INSERT INTO Entrenador (Nombre, Primer_Apellido, Segundo_Apellido, Pais_Origen, Nacimiento) VALUES ('Alli', 'Hulstrom', 'Taggart', 'Francia', '1983-06-01');
INSERT INTO Entrenador (Nombre, Primer_Apellido, Segundo_Apellido, Pais_Origen, Nacimiento) VALUES ('Jeanna', 'Iwaszkiewicz', 'Jobey', 'Vietnam', '1945-01-10');
INSERT INTO Entrenador (Nombre, Primer_Apellido, Segundo_Apellido, Pais_Origen, Nacimiento) VALUES ('Ofelia', 'Hodgins', 'Masserel', 'Indonesia', '1996-11-01');
INSERT INTO Entrenador (Nombre, Primer_Apellido, Pais_Origen, Nacimiento) VALUES ('Aleksandr', 'Nunes Nabarro', 'Perú', '1969-11-25');
INSERT INTO Entrenador (Nombre, Primer_Apellido, Segundo_Apellido, Pais_Origen, Nacimiento) VALUES ('Maurine', 'Jellett', 'Rabb', 'China', '1955-01-14');
INSERT INTO Entrenador (Nombre, Primer_Apellido, Segundo_Apellido, Pais_Origen, Nacimiento) VALUES ('Brenda', 'Lovekin', 'Heynen', 'Indonesia', '1979-12-09');
INSERT INTO Entrenador (Nombre, Primer_Apellido, Segundo_Apellido, Pais_Origen, Nacimiento) VALUES ('Piotr', 'Stellino', 'Ortes', 'Ecuador', '1976-03-03');
INSERT INTO Entrenador (Nombre, Primer_Apellido, Segundo_Apellido, Pais_Origen, Nacimiento) VALUES ('Bellanca', 'Dando', 'Gannaway', 'El Salvador', '1944-02-22');
INSERT INTO Entrenador (Nombre, Primer_Apellido, Segundo_Apellido, Pais_Origen, Nacimiento) VALUES ('Karalee', 'McWhan', 'Gear', 'China', '1992-12-07');
INSERT INTO Entrenador (Nombre, Primer_Apellido, Segundo_Apellido, Pais_Origen, Nacimiento) VALUES ('Arly', 'Kelland', 'Dulake', 'Portugal', '1944-01-23');
INSERT INTO Entrenador (Nombre, Primer_Apellido, Segundo_Apellido, Pais_Origen, Nacimiento) VALUES ('Mattias', 'Shapira', 'Barbour', 'Cuba', '1993-12-23');
INSERT INTO Entrenador (Nombre, Primer_Apellido, Segundo_Apellido, Pais_Origen, Nacimiento) VALUES ('Lorin', 'MacDougall', 'Friberg', 'Ucrania', '1968-06-06');
INSERT INTO Entrenador (Nombre, Primer_Apellido, Segundo_Apellido, Pais_Origen, Nacimiento) VALUES ('Nita', 'Ondrak', 'Bussen', 'Yemen', '1990-12-17');
INSERT INTO Entrenador (Nombre, Primer_Apellido, Segundo_Apellido, Pais_Origen, Nacimiento) VALUES ('Rubi', 'Brydone', 'Oury', 'Tailandia', '1966-04-18');
INSERT INTO Entrenador (Nombre, Primer_Apellido, Pais_Origen, Nacimiento) VALUES ('Casandra', 'Sein', 'Indonesia', '1941-06-06');
INSERT INTO Entrenador (Nombre, Primer_Apellido, Segundo_Apellido, Pais_Origen, Nacimiento) VALUES ('Tadd', 'Doale', 'Shugg', 'China', '1956-04-25');
INSERT INTO Entrenador (Nombre, Primer_Apellido, Segundo_Apellido, Pais_Origen, Nacimiento) VALUES ('Gertie', 'Shulver', 'Tippell', 'China', '1957-05-06');
INSERT INTO Entrenador (Nombre, Primer_Apellido, Segundo_Apellido, Pais_Origen, Nacimiento) VALUES ('Ella', 'Guiducci', 'Lamberto', 'Costa Rica', '1957-06-27');
INSERT INTO Entrenador (Nombre, Primer_Apellido, Pais_Origen, Nacimiento) VALUES ('Ernest', 'Maltby', 'Bolivia', '1969-08-24');
INSERT INTO Entrenador (Nombre, Primer_Apellido, Segundo_Apellido, Pais_Origen, Nacimiento) VALUES ('Wang', 'Dawdary', 'Shambroke', 'Polonia', '1946-03-18');
INSERT INTO Entrenador (Nombre, Primer_Apellido, Pais_Origen, Nacimiento) VALUES ('Glenda', 'Culy', 'Japón', '1993-01-19');
INSERT INTO Entrenador (Nombre, Primer_Apellido, Segundo_Apellido, Pais_Origen, Nacimiento) VALUES ('Allis', 'Sleeford', 'Sanday', 'República Dominicana', '1958-06-15');
INSERT INTO Entrenador (Nombre, Primer_Apellido, Pais_Origen, Nacimiento) VALUES ('Rudolfo', 'Skelton',  'Rusia', '1987-10-16');
INSERT INTO Entrenador (Nombre, Primer_Apellido, Pais_Origen, Nacimiento) VALUES ('Mallissa', 'Daly', 'Filipinas', '2000-02-12');
INSERT INTO Entrenador (Nombre, Primer_Apellido, Segundo_Apellido, Pais_Origen, Nacimiento) VALUES ('Ingrid', 'Yuranovev', 'Ethridge', 'Francia', '1958-10-05');
INSERT INTO Entrenador (Nombre, Primer_Apellido, Segundo_Apellido, Pais_Origen, Nacimiento) VALUES ('Aldwin', 'Moseley', 'Kennard', 'Colombia', '1982-03-10');
INSERT INTO Entrenador (Nombre, Primer_Apellido, Segundo_Apellido, Pais_Origen, Nacimiento) VALUES ('Georgiana', 'Turrell', 'Brasher', 'Chile', '1943-05-20');
INSERT INTO Entrenador (Nombre, Primer_Apellido, Segundo_Apellido, Pais_Origen, Nacimiento) VALUES ('Lionello', 'Rodenburgh', 'Cahey', 'Brasil', '1999-12-01');
INSERT INTO Entrenador (Nombre, Primer_Apellido, Segundo_Apellido, Pais_Origen, Nacimiento) VALUES ('Mathilda', 'Samter', 'Prescote', 'Japón', '1956-10-15');
INSERT INTO Entrenador (Nombre, Primer_Apellido, Segundo_Apellido, Pais_Origen, Nacimiento) VALUES ('Corliss', 'Ellam', 'Curtiss', 'Indonesia', '1979-05-29');
INSERT INTO Entrenador (Nombre, Primer_Apellido, Segundo_Apellido, Pais_Origen, Nacimiento) VALUES ('Allene', 'LLelweln', 'Konrad', 'Francia', '1970-10-13');
INSERT INTO Entrenador (Nombre, Primer_Apellido, Segundo_Apellido, Pais_Origen, Nacimiento) VALUES ('Dave', 'Behrendsen', 'Whates', 'Filipinas', '1951-12-15');
INSERT INTO Entrenador (Nombre, Primer_Apellido, Segundo_Apellido, Pais_Origen, Nacimiento) VALUES ('Thom', 'Paten', 'Andren', 'Indonesia', '1984-09-11');
INSERT INTO Entrenador (Nombre, Primer_Apellido, Segundo_Apellido, Pais_Origen, Nacimiento) VALUES ('Ginger', 'Bedborough', 'Truggian', 'Portugal', '1991-06-29');
INSERT INTO Entrenador (Nombre, Primer_Apellido, Segundo_Apellido, Pais_Origen, Nacimiento) VALUES ('Pietro', 'Standley', 'Habbershon', 'Polonia', '1996-02-28');
INSERT INTO Entrenador (Nombre, Primer_Apellido, Segundo_Apellido, Pais_Origen, Nacimiento) VALUES ('Veriee', 'Shedd', 'Dawks', 'Chile', '1963-09-05');
INSERT INTO Entrenador (Nombre, Primer_Apellido, Segundo_Apellido, Pais_Origen, Nacimiento) VALUES ('Agretha', 'Kynsey', 'McLachlan', 'Rusia', '1974-07-20');
INSERT INTO Entrenador (Nombre, Primer_Apellido, Segundo_Apellido, Pais_Origen, Nacimiento) VALUES ('Jobie', 'Le Merchant', 'Muat', 'Israel', '1980-09-16');
INSERT INTO Entrenador (Nombre, Primer_Apellido, Segundo_Apellido, Pais_Origen, Nacimiento) VALUES ('Editha', 'Simenel', 'Janda', 'Polonia', '1962-12-23');
INSERT INTO Entrenador (Nombre, Primer_Apellido, Segundo_Apellido, Pais_Origen, Nacimiento) VALUES ('Madelle', 'Guiso', 'Haslegrave', 'Estados Unidos', '2001-11-27');
INSERT INTO Entrenador (Nombre, Primer_Apellido, Segundo_Apellido, Pais_Origen, Nacimiento) VALUES ('Paige', 'Kellog', 'Mapplethorpe', 'Noruega', '1987-03-25');
INSERT INTO Entrenador (Nombre, Primer_Apellido, Segundo_Apellido, Pais_Origen, Nacimiento) VALUES ('Marlo', 'MacCleay', 'Klejin', 'Rusia', '1980-09-26');
INSERT INTO Entrenador (Nombre, Primer_Apellido, Segundo_Apellido, Pais_Origen, Nacimiento) VALUES ('Randene', 'Tennet', 'Dearness', 'Rusia', '1972-03-30');
INSERT INTO Entrenador (Nombre, Primer_Apellido, Segundo_Apellido, Pais_Origen, Nacimiento) VALUES ('Antin', 'Labern', 'Lesurf', 'Honduras', '1996-10-04');
INSERT INTO Entrenador (Nombre, Primer_Apellido, Segundo_Apellido, Pais_Origen, Nacimiento) VALUES ('Fayina', 'Moylane', 'Jennins', 'El Salvador', '1989-04-03');
INSERT INTO Entrenador (Nombre, Primer_Apellido, Segundo_Apellido, Pais_Origen, Nacimiento) VALUES ('Kendell', 'Ivannikov', 'Kemmett', 'Rusia', '1961-04-05');
INSERT INTO Entrenador (Nombre, Primer_Apellido, Pais_Origen, Nacimiento) VALUES ('Raymond', 'Darrow', 'Rusia', '1998-02-07'); 
INSERT INTO Entrenador (Nombre, Primer_Apellido, Segundo_Apellido, Pais_Origen, Nacimiento) VALUES ('Chane', 'Wild', 'Pochin', 'Indonesia', '1994-07-28');
INSERT INTO Entrenador (Nombre, Primer_Apellido, Segundo_Apellido, Pais_Origen, Nacimiento) VALUES ('Dorella', 'Glew', 'Clemmett', 'Filipinas', '1961-05-06');
INSERT INTO Entrenador (Nombre, Primer_Apellido, Segundo_Apellido, Pais_Origen, Nacimiento) VALUES ('Romeo', 'Cator', 'Reddick', 'Honduras', '1952-02-13');
INSERT INTO Entrenador (Nombre, Primer_Apellido, Segundo_Apellido, Pais_Origen, Nacimiento) VALUES ('Rochester', 'Brezlaw', 'Waker', 'Nueva Caledonia', '1960-07-07');
INSERT INTO Entrenador (Nombre, Primer_Apellido, Segundo_Apellido, Pais_Origen, Nacimiento) VALUES ('Nara', 'Dominguez', 'Addlestone', 'Indonesia', '1994-11-11');
INSERT INTO Entrenador (Nombre, Primer_Apellido, Segundo_Apellido, Pais_Origen, Nacimiento) VALUES ('Rennie', 'Esselin', 'Landa', 'Argentina', '1981-10-07');
INSERT INTO Entrenador (Nombre, Primer_Apellido, Pais_Origen, Nacimiento) VALUES ('Kincaid', 'Flemyng', 'Benín', '1945-09-29'); 
INSERT INTO Entrenador (Nombre, Primer_Apellido, Pais_Origen, Nacimiento) VALUES ('Timmy', 'Ransome', 'Chile', '1963-05-26');
INSERT INTO Entrenador (Nombre, Primer_Apellido, Segundo_Apellido, Pais_Origen, Nacimiento) VALUES ('Yolane', 'Tierney', 'Philipet', 'Brasil', '1974-12-17');
INSERT INTO Entrenador (Nombre, Primer_Apellido, Segundo_Apellido, Pais_Origen, Nacimiento) VALUES ('Avie', 'Crichten', 'Wiggin', 'China', '1993-06-03');
INSERT INTO Entrenador (Nombre, Primer_Apellido, Segundo_Apellido, Pais_Origen, Nacimiento) VALUES ('Prentice', 'Gavan', 'Pohls', 'Tailandia', '1956-02-19');
INSERT INTO Entrenador (Nombre, Primer_Apellido, Segundo_Apellido, Pais_Origen, Nacimiento) VALUES ('Silvester', 'Crebbin', 'Selwyn', 'Estados Unidos', '1992-01-01');
INSERT INTO Entrenador (Nombre, Primer_Apellido, Segundo_Apellido, Pais_Origen, Nacimiento) VALUES ('Rafa', 'Toffanelli', 'Wythe', 'Corea del sur', '1994-06-04');
INSERT INTO Entrenador (Nombre, Primer_Apellido, Segundo_Apellido, Pais_Origen, Nacimiento) VALUES ('Camila', 'Edington', 'De Wolfe', 'México', '1981-02-02');
INSERT INTO Entrenador (Nombre, Primer_Apellido, Segundo_Apellido, Pais_Origen, Nacimiento) VALUES ('Selle', 'Claiden', 'Boshard', 'Francia', '1999-01-16');
INSERT INTO Entrenador (Nombre, Primer_Apellido, Segundo_Apellido, Pais_Origen, Nacimiento) VALUES ('Ring', 'Poor', 'Mallindine', 'Japón', '2002-10-07');
INSERT INTO Entrenador (Nombre, Primer_Apellido, Pais_Origen, Nacimiento) VALUES ('Reinhold', 'Cabble', 'Chile', '1959-03-25');
INSERT INTO Entrenador (Nombre, Primer_Apellido, Segundo_Apellido, Pais_Origen, Nacimiento) VALUES ('Nefen', 'Neissen', 'Treweela', 'Dinamarca', '1972-04-22');
INSERT INTO Entrenador (Nombre, Primer_Apellido, Pais_Origen, Nacimiento) VALUES ('Yolande', 'Fedorchenko', 'Grecia', '1951-11-26');
INSERT INTO Entrenador (Nombre, Primer_Apellido, Segundo_Apellido, Pais_Origen, Nacimiento) VALUES ('Minta', 'Sprules', 'Juniper', 'Indonesia', '1957-11-22');
INSERT INTO Entrenador (Nombre, Primer_Apellido, Segundo_Apellido, Pais_Origen, Nacimiento) VALUES ('Chad', 'Wyness', 'Wingate', 'Indonesia', '1971-06-11');
INSERT INTO Entrenador (Nombre, Primer_Apellido, Pais_Origen, Nacimiento) VALUES ('Anastassia', 'Keech', 'China', '1976-07-10');
INSERT INTO Entrenador (Nombre, Primer_Apellido, Segundo_Apellido, Pais_Origen, Nacimiento) VALUES ('Tine', 'Cristea', 'Dowse', 'Colombia', '1978-10-21');
INSERT INTO Entrenador (Nombre, Primer_Apellido, Segundo_Apellido, Pais_Origen, Nacimiento) VALUES ('Ava', 'Pallent', 'St Angel', 'Portugal', '1994-08-09');
insert into Entrenador (Nombre, Primer_Apellido, Pais_Origen, Nacimiento) values ('Bruce','Lee','China', '1940-11-27');
INSERT INTO Entrenador (Nombre, Primer_Apellido, Segundo_Apellido, Pais_Origen, Nacimiento) VALUES ('Orlan', 'Crasford', 'Alday', 'Tailandia', '1948-12-30');
INSERT INTO Entrenador (Nombre, Primer_Apellido, Segundo_Apellido, Pais_Origen, Nacimiento) VALUES ('Joletta', 'Heinrich', 'McWhirter', 'Afganistán', '1979-01-31');
INSERT INTO Entrenador (Nombre, Primer_Apellido, Pais_Origen, Nacimiento) VALUES ('Joleen', 'Heffy', 'Suecia', '1978-12-03'); 
INSERT INTO Entrenador (Nombre, Primer_Apellido, Segundo_Apellido, Pais_Origen, Nacimiento) VALUES ('Vinny', 'Pollak', 'Hawkslee', 'Rusia', '1966-11-30');
INSERT INTO Entrenador (Nombre, Primer_Apellido, Segundo_Apellido, Pais_Origen, Nacimiento) VALUES ('Kenneth', 'Thompstone', 'Smale', 'Afganistán', '1946-05-04');
INSERT INTO Entrenador (Nombre, Primer_Apellido, Segundo_Apellido, Pais_Origen, Nacimiento) VALUES ('Court', 'Brandt', 'Jenson', 'Armenia', '1953-11-20');
INSERT INTO Entrenador (Nombre, Primer_Apellido, Segundo_Apellido, Pais_Origen, Nacimiento) VALUES ('Gard', 'Scedall', 'Eblein', 'Ucrania', '1965-02-23');
INSERT INTO Entrenador (Nombre, Primer_Apellido, Segundo_Apellido, Pais_Origen, Nacimiento) VALUES ('Rip', 'Elliman', 'Bamblett', 'Portugal', '1969-12-13');
INSERT INTO Entrenador (Nombre, Primer_Apellido, Segundo_Apellido, Pais_Origen, Nacimiento) VALUES ('Juliet', 'Quarless', 'Lafoy', 'Rusia', '1957-08-26');
INSERT INTO Entrenador (Nombre, Primer_Apellido, Segundo_Apellido, Pais_Origen, Nacimiento) VALUES ('Sherlocke', 'Yeeles', 'Kunz', 'Birmania', '1978-08-24');
INSERT INTO Entrenador (Nombre, Primer_Apellido, Segundo_Apellido, Pais_Origen, Nacimiento) VALUES ('Fiona', 'Mascall', 'Tomalin', 'Indonesia', '1967-06-05');
INSERT INTO Entrenador (Nombre, Primer_Apellido, Segundo_Apellido, Pais_Origen, Nacimiento) VALUES ('Maurizia', 'Danbye', 'Rollins', 'Finlandia', '1996-03-10');
INSERT INTO Entrenador (Nombre, Primer_Apellido, Pais_Origen, Nacimiento) VALUES ('Jerrilee', 'Idney', 'Marruecos', '1941-11-11'); 
INSERT INTO Entrenador (Nombre, Primer_Apellido, Segundo_Apellido, Pais_Origen, Nacimiento) VALUES ('Ronald', 'Aslett', 'MacKereth', 'Senegal', '1969-06-16');
INSERT INTO Entrenador (Nombre, Primer_Apellido, Pais_Origen, Nacimiento) VALUES ('Morlee', 'Jewett','China', '1996-11-24');
INSERT INTO Entrenador (Nombre, Primer_Apellido, Segundo_Apellido, Pais_Origen, Nacimiento) VALUES ('Gregorius', 'Shera', 'Sherel', 'Tayikistán', '1950-06-13');
INSERT INTO Entrenador (Nombre, Primer_Apellido, Segundo_Apellido, Pais_Origen, Nacimiento) VALUES ('Barbabas', 'McTavish', 'Heinz', 'Japón', '1984-07-17');
INSERT INTO Entrenador (Nombre, Primer_Apellido, Segundo_Apellido, Pais_Origen, Nacimiento) VALUES ('Bram', 'Van der Baaren', 'Hartzogs', 'China', '1949-10-12');
INSERT INTO Entrenador (Nombre, Primer_Apellido, Segundo_Apellido, Pais_Origen, Nacimiento) VALUES ('Rubie', 'Storre', 'Veronique', 'Túnez', '1943-05-20');
INSERT INTO Entrenador (Nombre, Primer_Apellido, Segundo_Apellido, Pais_Origen, Nacimiento) VALUES ('Ceil', 'Storek', 'Scipsey', 'Haití', '1946-04-19');
INSERT INTO Entrenador (Nombre, Primer_Apellido, Segundo_Apellido, Pais_Origen, Nacimiento) VALUES ('Nanni', 'Prest', 'Cankett', 'República Checa', '1992-11-21');
INSERT INTO Entrenador (Nombre, Primer_Apellido, Segundo_Apellido, Pais_Origen, Nacimiento) VALUES ('Jan', 'Beat', 'MacVicar', 'España', '1956-01-12');
INSERT INTO Entrenador (Nombre, Primer_Apellido, Segundo_Apellido, Pais_Origen, Nacimiento) VALUES ('Adair', 'Huckett', 'Kinsman', 'Polonia', '1981-04-01');
INSERT INTO Entrenador (Nombre, Primer_Apellido, Segundo_Apellido, Pais_Origen, Nacimiento) VALUES ('Perrine', 'Bootland', 'Jerdein', 'Suecia', '1987-07-30');
INSERT INTO Entrenador (Nombre, Primer_Apellido, Pais_Origen, Nacimiento) VALUES ('Mavis', 'Kinsley', 'Ucrania', '1945-07-15');
INSERT INTO Entrenador (Nombre, Primer_Apellido, Segundo_Apellido, Pais_Origen, Nacimiento) VALUES ('Sheffield', 'Aslin', 'Naisby', 'Indonesia', '1947-10-29');
INSERT INTO Entrenador (Nombre, Primer_Apellido, Segundo_Apellido, Pais_Origen, Nacimiento) VALUES ('Sammy', 'Dumbrill', 'Lunny', 'Trinidad y Tobago', '1955-02-02');
INSERT INTO Entrenador (Nombre, Primer_Apellido, Pais_Origen, Nacimiento) VALUES ('Paule', 'Groveham', 'Tailandia', '1952-01-11');
INSERT INTO Entrenador (Nombre, Primer_Apellido, Segundo_Apellido, Pais_Origen, Nacimiento) VALUES ('Urbano', 'Shellsheere', 'Chastang', 'Nigeria', '1996-03-31');
INSERT INTO Entrenador (Nombre, Primer_Apellido, Segundo_Apellido, Pais_Origen, Nacimiento) VALUES ('Mariann', 'Blundell', 'Thoma', 'República Democrática del Congo', '1952-11-08');
INSERT INTO Entrenador (Nombre, Primer_Apellido, Segundo_Apellido, Pais_Origen, Nacimiento) VALUES ('Gaven', 'Renad', 'Mattityahou', 'Portugal', '1973-01-26');
INSERT INTO Entrenador (Nombre, Primer_Apellido, Pais_Origen, Nacimiento) VALUES ('Layne', 'Oganian', 'Paraguay', '1987-12-24');
INSERT INTO Entrenador (Nombre, Primer_Apellido, Segundo_Apellido, Pais_Origen, Nacimiento) VALUES ('Arv', 'Eat', 'Ruffell', 'Filipinas', '1990-07-03');
INSERT INTO Entrenador (Nombre, Primer_Apellido, Segundo_Apellido, Pais_Origen, Nacimiento) VALUES ('Reena', 'Okroy', 'Graeser', 'China', '1943-07-02');
INSERT INTO Entrenador (Nombre, Primer_Apellido, Segundo_Apellido, Pais_Origen, Nacimiento) VALUES ('Mandi', 'McPhilip', 'Bassingham', 'Grecia', '1997-07-17');
INSERT INTO Entrenador (Nombre, Primer_Apellido, Segundo_Apellido, Pais_Origen, Nacimiento) VALUES ('Guendolen', 'Pisculli', 'Ambrogelli', 'Cabo Verde', '1982-12-18');
INSERT INTO Entrenador (Nombre, Primer_Apellido, Pais_Origen, Nacimiento) VALUES ('Constantin', 'Braidley', 'Rusia', '1976-10-30');
INSERT INTO Entrenador (Nombre, Primer_Apellido, Segundo_Apellido, Pais_Origen, Nacimiento) VALUES ('Trudi', 'Minnis', 'Blankett', 'Perú', '1968-09-24');
INSERT INTO Entrenador (Nombre, Primer_Apellido, Segundo_Apellido, Pais_Origen, Nacimiento) VALUES ('Jillayne', 'Steggles', 'Satterfitt', 'Perú', '1970-07-31');
INSERT INTO Entrenador (Nombre, Primer_Apellido, Segundo_Apellido, Pais_Origen, Nacimiento) VALUES ('Rosemonde', 'Bonnett', 'Comar', 'Siria', '1997-03-30');
INSERT INTO Entrenador (Nombre, Primer_Apellido, Segundo_Apellido, Pais_Origen, Nacimiento) VALUES ('Mignon', 'MacGiffin', 'Davydochkin', 'Indonesia', '1969-05-07');
INSERT INTO Entrenador (Nombre, Primer_Apellido, Pais_Origen, Nacimiento) VALUES ('Fons', 'Arran', 'Indonesia', '2000-12-30');
INSERT INTO Entrenador (Nombre, Primer_Apellido, Segundo_Apellido, Pais_Origen, Nacimiento) VALUES ('Ninette', 'Bloxam', 'Colton', 'Bielorrusia', '1949-04-17');
INSERT INTO Entrenador (Nombre, Primer_Apellido, Segundo_Apellido, Pais_Origen, Nacimiento) VALUES ('Benjamin', 'Hadwick', 'Towsie', 'Sudáfrica', '1949-02-09');
INSERT INTO Entrenador (Nombre, Primer_Apellido, Segundo_Apellido, Pais_Origen, Nacimiento) VALUES ('Sammy', 'Trump', 'Carreck', 'China', '1965-06-03');
INSERT INTO Entrenador (Nombre, Primer_Apellido, Pais_Origen, Nacimiento) VALUES ('Tanitansy', 'Barca', 'Kenia', '1995-01-25');
INSERT INTO Entrenador (Nombre, Primer_Apellido, Segundo_Apellido, Pais_Origen, Nacimiento) VALUES ('Brodie', 'Goodwell', 'Yole', 'Lituania', '1994-10-24');
INSERT INTO Entrenador (Nombre, Primer_Apellido, Pais_Origen, Nacimiento) VALUES ('Kimmie', 'Bradbrook', 'Canadá', '1993-06-12');
INSERT INTO Entrenador (Nombre, Primer_Apellido, Segundo_Apellido, Pais_Origen, Nacimiento) VALUES ('Kiley', 'Wandtke', 'Henri', 'Tailandia', '1991-08-10');
INSERT INTO Entrenador (Nombre, Primer_Apellido, Segundo_Apellido, Pais_Origen, Nacimiento) VALUES ('Darelle', 'Egentan', 'Rubin', 'Indonesia', '1949-04-29');
INSERT INTO Entrenador (Nombre, Primer_Apellido, Segundo_Apellido, Pais_Origen, Nacimiento) VALUES ('Alison', 'Worsalls', 'Sant', 'Camboya', '2001-04-24');
INSERT INTO Entrenador (Nombre, Primer_Apellido, Segundo_Apellido, Pais_Origen, Nacimiento) VALUES ('Millisent', 'Parnell', 'Barkas', 'España', '1959-02-22');
INSERT INTO Entrenador (Nombre, Primer_Apellido, Pais_Origen, Nacimiento) VALUES ('Falito', 'Frosdick', 'Brasil', '1969-07-14');
INSERT INTO Entrenador (Nombre, Primer_Apellido, Segundo_Apellido, Pais_Origen, Nacimiento) VALUES ('Joyann', 'McDell', 'Stare', 'Rusia', '1971-10-19');
INSERT INTO Entrenador (Nombre, Primer_Apellido, Pais_Origen, Nacimiento) VALUES ('Guenna', 'Pashby', 'Polinesia Francesa', '1997-08-28');
INSERT INTO Entrenador (Nombre, Primer_Apellido, Segundo_Apellido, Pais_Origen, Nacimiento) VALUES ('Tatum', 'Ruddle', 'Heiton', 'Francia', '1977-07-28');
INSERT INTO Entrenador (Nombre, Primer_Apellido, Segundo_Apellido, Pais_Origen, Nacimiento) VALUES ('Raeann', 'Sandoval', 'Romero', 'México', '1965-02-11');
INSERT INTO Entrenador (Nombre, Primer_Apellido, Segundo_Apellido, Pais_Origen, Nacimiento) VALUES ('Selene', 'Elnor', 'Lofty', 'Ucrania', '1950-01-31');
INSERT INTO Entrenador (Nombre, Primer_Apellido, Segundo_Apellido, Pais_Origen, Nacimiento) VALUES ('Dana', 'Streets', 'Darben', 'Indonesia', '1998-01-12');
INSERT INTO Entrenador (Nombre, Primer_Apellido, Segundo_Apellido, Pais_Origen, Nacimiento) VALUES ('Roarke', 'Karle', 'Brigstock', 'Yemen', '1964-07-13');
INSERT INTO Entrenador (Nombre, Primer_Apellido, Pais_Origen, Nacimiento) VALUES ('Duffie', 'Varcoe', 'Polonia', '1947-08-21'); 
INSERT INTO Entrenador (Nombre, Primer_Apellido, Segundo_Apellido, Pais_Origen, Nacimiento) VALUES ('Lonni', 'Baswall', 'Lideard', 'España', '1999-06-10');
INSERT INTO Entrenador (Nombre, Primer_Apellido, Segundo_Apellido, Pais_Origen, Nacimiento) VALUES ('Vasilis', 'Gerriet', 'Buttfield', 'Colombia', '1982-06-14');
INSERT INTO Entrenador (Nombre, Primer_Apellido, Segundo_Apellido, Pais_Origen, Nacimiento) VALUES ('Gaby', 'Ditter', 'Slater', 'Ucrania', '1959-01-08');
INSERT INTO Entrenador (Nombre, Primer_Apellido, Segundo_Apellido, Pais_Origen, Nacimiento) VALUES ('Aurore', 'Hubbard', 'Cobbing', 'Indonesia', '1976-03-08');
INSERT INTO Entrenador (Nombre, Primer_Apellido, Segundo_Apellido, Pais_Origen, Nacimiento) VALUES ('Dolph', 'Martyntsev', 'Fennelow', 'Albania', '1969-07-06');
INSERT INTO Entrenador (Nombre, Primer_Apellido, Pais_Origen, Nacimiento) VALUES ('Aggi', 'Brunone', 'Tailandia', '2002-07-20'); 
INSERT INTO Entrenador (Nombre, Primer_Apellido, Segundo_Apellido, Pais_Origen, Nacimiento) VALUES ('Onofredo', 'Dawidsohn', 'McKoy', 'Indonesia', '1975-08-09');
INSERT INTO Entrenador (Nombre, Primer_Apellido, Segundo_Apellido, Pais_Origen, Nacimiento) VALUES ('Goldina', 'Cayette', 'Allicock', 'Noruega', '1984-12-17');
INSERT INTO Entrenador (Nombre, Primer_Apellido, Segundo_Apellido, Pais_Origen, Nacimiento) VALUES ('Somerset', 'Najara', 'Beverage', 'Uruguay', '1950-08-26');
insert into Entrenador (Nombre, Primer_Apellido, Pais_Origen, Nacimiento) values ('Bruce','Wayne','Estados Unidos', '1950-02-19');

--ATLETAS
insert into Atleta (IDentrenador, Nombre, Primer_Apellido, Segundo_Apellido, Pais_Origen, Nacimiento, Representar_Pais, Genero, Agno) values (1,'Alejandra','Arias','Villarroel','Bolivia','2003-06-25','Bolivia','F','2024');
insert into Atleta (IDentrenador, Nombre, Primer_Apellido, Pais_Origen, Nacimiento, Representar_Pais, Genero, Agno ) values (5,'Luke','Skywalker','Estados Unidos','1951-09-25', 'Estados Unidos', 'M','2024');
insert into Atleta (IDentrenador, Nombre, Primer_Apellido, Segundo_Apellido, Pais_Origen, Nacimiento, Representar_Pais, Genero, Agno) values (7,'Leslie','Sánchez','Victoria','México','2004-03-16','México','F','2024');
insert into Atleta (IDentrenador, Nombre, Primer_Apellido, Segundo_Apellido, Pais_Origen, Representar_Pais, Nacimiento, Genero, Agno) values (1, 'Harriott', 'Chasmar', 'Pohlak', 'Brazil', 'China', '1983-10-08', 'M', '2024');
insert into Atleta (IDentrenador, Nombre, Primer_Apellido, Segundo_Apellido, Pais_Origen, Representar_Pais, Nacimiento, Genero, Agno) values (2, 'Vivyanne', 'Connal', 'Kermit', 'Venezuela', 'Vietnam', '1975-04-25', 'F', '2024');
insert into Atleta (IDentrenador, Nombre, Primer_Apellido, Segundo_Apellido, Pais_Origen, Representar_Pais, Nacimiento, Genero, Agno) values (3, 'Paxton', 'Lanning', 'De Domenico', 'Russia', 'Paraguay', '1939-01-01', 'M', '2028');
insert into Atleta (IDentrenador, Nombre, Primer_Apellido, Segundo_Apellido, Pais_Origen, Representar_Pais, Nacimiento, Genero, Agno) values (4, 'Lyn', 'Telega', 'Tomlinson', 'Cuba', 'Bosnia and Herzegovina', '1947-09-02', 'F', '2024');
insert into Atleta (IDentrenador, Nombre, Primer_Apellido, Segundo_Apellido, Pais_Origen, Representar_Pais, Nacimiento, Genero, Agno) values (5, 'Ned', 'Smart', 'Chomicki', 'Oman', 'Paraguay', '1950-05-02', 'F', '2024');
insert into Atleta (IDentrenador, Nombre, Primer_Apellido, Segundo_Apellido, Pais_Origen, Representar_Pais, Nacimiento, Genero, Agno) values (6, 'Chery', 'Whetnell', 'Sloegrave', 'China', 'China', '1934-07-02', 'F', '2028');
insert into Atleta (IDentrenador, Nombre, Primer_Apellido, Segundo_Apellido, Pais_Origen, Representar_Pais, Nacimiento, Genero, Agno) values (7, 'Tandy', 'Reape', 'Tafani', 'Nigeria', 'Russia', '1939-07-12', 'M', '2028');
insert into Atleta (IDentrenador, Nombre, Primer_Apellido, Segundo_Apellido, Pais_Origen, Representar_Pais, Nacimiento, Genero, Agno) values (8, 'Malvina', 'Themann', 'Jirusek', 'Thailand', 'Indonesia', '2005-08-08', 'F', '2028');
insert into Atleta (IDentrenador, Nombre, Primer_Apellido, Segundo_Apellido, Pais_Origen, Representar_Pais, Nacimiento, Genero, Agno) values (9, 'Nat', 'Bum', 'Dome', 'Honduras', 'Venezuela', '1962-08-14', 'F', '2028');
insert into Atleta (IDentrenador, Nombre, Primer_Apellido, Segundo_Apellido, Pais_Origen, Representar_Pais, Nacimiento, Genero, Agno) values (10, 'Starr', 'Piercey', 'Wimsett', 'Indonesia', 'Estonia', '1970-04-24', 'F', '2024');
insert into Atleta (IDentrenador, Nombre, Primer_Apellido, Segundo_Apellido, Pais_Origen, Representar_Pais, Nacimiento, Genero, Agno) values (11, 'Hynda', 'Haysman', 'Eannetta', 'Philippines', 'Sweden', '1935-02-24', 'F', '2024');
insert into Atleta (IDentrenador, Nombre, Primer_Apellido, Segundo_Apellido, Pais_Origen, Representar_Pais, Nacimiento, Genero, Agno) values (12, 'Wilhelm', 'Ronchka', 'Polino', 'Philippines', 'Argentina', '1944-06-01', 'F', '2024');
insert into Atleta (IDentrenador, Nombre, Primer_Apellido, Segundo_Apellido, Pais_Origen, Representar_Pais, Nacimiento, Genero, Agno) values (13, 'Annalee', 'Showt', 'McCaughen', 'Cape Verde', 'China', '1950-06-30', 'M', '2024');
insert into Atleta (IDentrenador, Nombre, Primer_Apellido, Segundo_Apellido, Pais_Origen, Representar_Pais, Nacimiento, Genero, Agno) values (14, 'Rafaelita', 'Stoaks', 'Tewkesberrie', 'Malaysia', 'China', '1956-07-18', 'F', '2024');
insert into Atleta (IDentrenador, Nombre, Primer_Apellido, Segundo_Apellido, Pais_Origen, Representar_Pais, Nacimiento, Genero, Agno) values (15, 'Martita', 'Skermer', 'Killen', 'Indonesia', 'China', '1986-03-20', 'M', '2028');
insert into Atleta (IDentrenador, Nombre, Primer_Apellido, Segundo_Apellido, Pais_Origen, Representar_Pais, Nacimiento, Genero, Agno) values (16, 'Brockie', 'Merle', 'Messiter', 'China', 'China', '2008-02-08', 'M', '2024');
insert into Atleta (IDentrenador, Nombre, Primer_Apellido, Segundo_Apellido, Pais_Origen, Representar_Pais, Nacimiento, Genero, Agno) values (17, 'Obidiah', 'Allott', 'Roarty', 'Indonesia', 'China', '1998-05-06', 'F', '2028');
insert into Atleta (IDentrenador, Nombre, Primer_Apellido, Segundo_Apellido, Pais_Origen, Representar_Pais, Nacimiento, Genero, Agno) values (18, 'Sena', 'Smillie', 'Prendergrass', 'Brazil', 'Azerbaijan', '1999-01-27', 'M', '2028');
insert into Atleta (IDentrenador, Nombre, Primer_Apellido, Segundo_Apellido, Pais_Origen, Representar_Pais, Nacimiento, Genero, Agno) values (19, 'Moise', 'Wykey', 'Wraighte', 'China', 'Philippines', '1999-11-24', 'M', '2028');
insert into Atleta (IDentrenador, Nombre, Primer_Apellido, Segundo_Apellido, Pais_Origen, Representar_Pais, Nacimiento, Genero, Agno) values (20, 'Blair', 'Temby', 'Ficken', 'Russia', 'Portugal', '1972-03-17', 'F', '2024');
insert into Atleta (IDentrenador, Nombre, Primer_Apellido, Segundo_Apellido, Pais_Origen, Representar_Pais, Nacimiento, Genero, Agno) values (21, 'Chloette', 'Peacher', 'Tolcher', 'Spain', 'Burkina Faso', '1952-02-17', 'M', '2028');
insert into Atleta (IDentrenador, Nombre, Primer_Apellido, Segundo_Apellido, Pais_Origen, Representar_Pais, Nacimiento, Genero, Agno) values (22, 'Butch', 'Tosdevin', 'Squelch', 'Indonesia', 'Philippines', '1979-12-31', 'M', '2024');
insert into Atleta (IDentrenador, Nombre, Primer_Apellido, Segundo_Apellido, Pais_Origen, Representar_Pais, Nacimiento, Genero, Agno) values (23, 'Camila', 'Georges', 'Ivashov', 'Russia', 'Nicaragua', '1954-12-30', 'F', '2028');
insert into Atleta (IDentrenador, Nombre, Primer_Apellido, Segundo_Apellido, Pais_Origen, Representar_Pais, Nacimiento, Genero, Agno) values (24, 'Shelagh', 'Kershow', 'Winfindine', 'China', 'China', '2007-11-05', 'M', '2028');
insert into Atleta (IDentrenador, Nombre, Primer_Apellido, Segundo_Apellido, Pais_Origen, Representar_Pais, Nacimiento, Genero, Agno) values (25, 'Carny', 'Hillin', 'Necolds', 'Ireland', 'Philippines', '1985-07-15', 'F', '2028');
insert into Atleta (IDentrenador, Nombre, Primer_Apellido, Segundo_Apellido, Pais_Origen, Representar_Pais, Nacimiento, Genero, Agno) values (26, 'Hamlen', 'Rumsey', 'Crombie', 'Mexico', 'China', '1994-02-15', 'F', '2028');
insert into Atleta (IDentrenador, Nombre, Primer_Apellido, Segundo_Apellido, Pais_Origen, Representar_Pais, Nacimiento, Genero, Agno) values (27, 'Denice', 'Renbold', 'Wigan', 'Brazil', 'Czech Republic', '1966-11-21', 'F', '2028');
insert into Atleta (IDentrenador, Nombre, Primer_Apellido, Segundo_Apellido, Pais_Origen, Representar_Pais, Nacimiento, Genero, Agno) values (28, 'Evvy', 'Millin', 'Hubble', 'Sudan', 'Russia', '1936-09-03', 'M', '2024');
insert into Atleta (IDentrenador, Nombre, Primer_Apellido, Segundo_Apellido, Pais_Origen, Representar_Pais, Nacimiento, Genero, Agno) values (29, 'Bea', 'Barbery', 'Kennerley', 'Indonesia', 'Thailand', '1989-12-26', 'M', '2028');
insert into Atleta (IDentrenador, Nombre, Primer_Apellido, Segundo_Apellido, Pais_Origen, Representar_Pais, Nacimiento, Genero, Agno) values (30, 'Guido', 'Dodwell', 'McElhinney', 'Spain', 'Afghanistan', '1993-05-17', 'F', '2028');
insert into Atleta (IDentrenador, Nombre, Primer_Apellido, Segundo_Apellido, Pais_Origen, Representar_Pais, Nacimiento, Genero, Agno) values (31, 'Carolin', 'Shelp', 'Jacquest', 'Portugal', 'Mexico', '1983-07-24', 'M', '2028');
insert into Atleta (IDentrenador, Nombre, Primer_Apellido, Segundo_Apellido, Pais_Origen, Representar_Pais, Nacimiento, Genero, Agno) values (32, 'Eadith', 'Tedridge', 'Sycamore', 'Tanzania', 'China', '1991-01-20', 'F', '2028');
insert into Atleta (IDentrenador, Nombre, Primer_Apellido, Segundo_Apellido, Pais_Origen, Representar_Pais, Nacimiento, Genero, Agno) values (33, 'Katerine', 'Salack', 'Wilcot', 'Poland', 'Greece', '1979-03-07', 'M', '2024');
insert into Atleta (IDentrenador, Nombre, Primer_Apellido, Segundo_Apellido, Pais_Origen, Representar_Pais, Nacimiento, Genero, Agno) values (34, 'Bobette', 'Garaghan', 'Kilrow', 'Brazil', 'Mexico', '1956-07-11', 'M', '2024');
insert into Atleta (IDentrenador, Nombre, Primer_Apellido, Segundo_Apellido, Pais_Origen, Representar_Pais, Nacimiento, Genero, Agno) values (35, 'Jesse', 'Mahaffey', 'Van T''Hoog', 'Poland', 'Indonesia', '1990-02-06', 'F', '2028');
insert into Atleta (IDentrenador, Nombre, Primer_Apellido, Segundo_Apellido, Pais_Origen, Representar_Pais, Nacimiento, Genero, Agno) values (36, 'Reggis', 'Dunhill', 'Wyleman', 'Guinea-Bissau', 'Myanmar', '1959-03-30', 'F', '2024');
insert into Atleta (IDentrenador, Nombre, Primer_Apellido, Segundo_Apellido, Pais_Origen, Representar_Pais, Nacimiento, Genero, Agno) values (37, 'Eartha', 'Massinger', 'Filgate', 'Thailand', 'China', '1984-01-06', 'F', '2024');
insert into Atleta (IDentrenador, Nombre, Primer_Apellido, Segundo_Apellido, Pais_Origen, Representar_Pais, Nacimiento, Genero, Agno) values (38, 'Guy', 'Bealing', 'Rylstone', 'Armenia', 'Brazil', '1975-03-03', 'M', '2024');
insert into Atleta (IDentrenador, Nombre, Primer_Apellido, Segundo_Apellido, Pais_Origen, Representar_Pais, Nacimiento, Genero, Agno) values (39, 'Karl', 'Melato', 'Meachan', 'Dominican Republic', 'Bulgaria', '1969-09-22', 'M', '2024');
insert into Atleta (IDentrenador, Nombre, Primer_Apellido, Segundo_Apellido, Pais_Origen, Representar_Pais, Nacimiento, Genero, Agno) values (40, 'Odette', 'Dohrmann', 'Asbrey', 'Argentina', 'China', '1974-04-04', 'F', '2028');
insert into Atleta (IDentrenador, Nombre, Primer_Apellido, Segundo_Apellido, Pais_Origen, Representar_Pais, Nacimiento, Genero, Agno) values (41, 'Lenora', 'Yanshonok', 'Nieass', 'United States', 'Thailand', '1955-02-27', 'M', '2028');
insert into Atleta (IDentrenador, Nombre, Primer_Apellido, Segundo_Apellido, Pais_Origen, Representar_Pais, Nacimiento, Genero, Agno) values (42, 'Merrile', 'Chooter', 'Vasilyevski', 'Vietnam', 'Indonesia', '1983-05-12', 'M', '2024');
insert into Atleta (IDentrenador, Nombre, Primer_Apellido, Segundo_Apellido, Pais_Origen, Representar_Pais, Nacimiento, Genero, Agno) values (43, 'Dollie', 'Duddan', 'Ranfield', 'Sweden', 'Colombia', '1961-03-10', 'F', '2028');
insert into Atleta (IDentrenador, Nombre, Primer_Apellido, Segundo_Apellido, Pais_Origen, Representar_Pais, Nacimiento, Genero, Agno) values (44, 'Lucius', 'Lammertz', 'Waller-Bridge', 'United States', 'China', '1954-07-20', 'M', '2028');
insert into Atleta (IDentrenador, Nombre, Primer_Apellido, Segundo_Apellido, Pais_Origen, Representar_Pais, Nacimiento, Genero, Agno) values (45, 'Padgett', 'Ellor', 'Filipowicz', 'Greece', 'Venezuela', '1955-11-26', 'M', '2024');
insert into Atleta (IDentrenador, Nombre, Primer_Apellido, Segundo_Apellido, Pais_Origen, Representar_Pais, Nacimiento, Genero, Agno) values (46, 'Bail', 'McGrouther', 'Laville', 'China', 'China', '1950-12-26', 'M', '2028');
insert into Atleta (IDentrenador, Nombre, Primer_Apellido, Segundo_Apellido, Pais_Origen, Representar_Pais, Nacimiento, Genero, Agno) values (47, 'Victoir', 'Glennard', 'Keuntje', 'China', 'China', '1998-04-04', 'M', '2024');
insert into Atleta (IDentrenador, Nombre, Primer_Apellido, Segundo_Apellido, Pais_Origen, Representar_Pais, Nacimiento, Genero, Agno) values (48, 'Stanislas', 'Ingledow', 'Pearton', 'Czech Republic', 'Mexico', '1935-11-18', 'M', '2028');
insert into Atleta (IDentrenador, Nombre, Primer_Apellido, Segundo_Apellido, Pais_Origen, Representar_Pais, Nacimiento, Genero, Agno) values (49, 'Kendra', 'Magauran', 'Pawle', 'Belarus', 'Thailand', '1986-10-01', 'F', '2028');
insert into Atleta (IDentrenador, Nombre, Primer_Apellido, Segundo_Apellido, Pais_Origen, Representar_Pais, Nacimiento, Genero, Agno) values (50, 'Jamal', 'Skeermor', 'Lannen', 'France', 'France', '1955-02-27', 'M', '2028');
insert into Atleta (IDentrenador, Nombre, Primer_Apellido, Segundo_Apellido, Pais_Origen, Representar_Pais, Nacimiento, Genero, Agno) values (51, 'Cacilia', 'Alwen', 'Jeskin', 'Canada', 'Uruguay', '1975-06-01', 'M', '2024');
insert into Atleta (IDentrenador, Nombre, Primer_Apellido, Segundo_Apellido, Pais_Origen, Representar_Pais, Nacimiento, Genero, Agno) values (52, 'Connie', 'Opdenorth', 'Ghidini', 'Russia', 'Trinidad and Tobago', '1996-06-19', 'M', '2028');
insert into Atleta (IDentrenador, Nombre, Primer_Apellido, Segundo_Apellido, Pais_Origen, Representar_Pais, Nacimiento, Genero, Agno) values (53, 'Moselle', 'Bertram', 'Bitcheno', 'Sweden', 'Indonesia', '1999-06-26', 'M', '2028');
insert into Atleta (IDentrenador, Nombre, Primer_Apellido, Segundo_Apellido, Pais_Origen, Representar_Pais, Nacimiento, Genero, Agno) values (54, 'Bill', 'Eronie', 'Bluett', 'Spain', 'Russia', '1964-07-10', 'F', '2024');
insert into Atleta (IDentrenador, Nombre, Primer_Apellido, Segundo_Apellido, Pais_Origen, Representar_Pais, Nacimiento, Genero, Agno) values (55, 'Alla', 'Pauer', 'Piotrowski', 'France', 'Sweden', '2003-09-23', 'M', '2028');
insert into Atleta (IDentrenador, Nombre, Primer_Apellido, Segundo_Apellido, Pais_Origen, Representar_Pais, Nacimiento, Genero, Agno) values (56, 'Megen', 'Goozee', 'Mosdall', 'China', 'Sweden', '2009-05-24', 'F', '2024');
insert into Atleta (IDentrenador, Nombre, Primer_Apellido, Segundo_Apellido, Pais_Origen, Representar_Pais, Nacimiento, Genero, Agno) values (57, 'Clarey', 'Lattka', 'Langston', 'Indonesia', 'China', '1986-03-10', 'M', '2028');
insert into Atleta (IDentrenador, Nombre, Primer_Apellido, Segundo_Apellido, Pais_Origen, Representar_Pais, Nacimiento, Genero, Agno) values (58, 'Berky', 'Ternouth', 'Endrizzi', 'Russia', 'Philippines', '2006-06-15', 'M', '2028');
insert into Atleta (IDentrenador, Nombre, Primer_Apellido, Segundo_Apellido, Pais_Origen, Representar_Pais, Nacimiento, Genero, Agno) values (59, 'Karena', 'Nore', 'Oswick', 'Panama', 'Yemen', '1972-11-16', 'F', '2024');
insert into Atleta (IDentrenador, Nombre, Primer_Apellido, Segundo_Apellido, Pais_Origen, Representar_Pais, Nacimiento, Genero, Agno) values (60, 'Jackqueline', 'Mattheeuw', 'Cawthry', 'China', 'Portugal', '1972-01-06', 'F', '2028');
insert into Atleta (IDentrenador, Nombre, Primer_Apellido, Segundo_Apellido, Pais_Origen, Representar_Pais, Nacimiento, Genero, Agno) values (61, 'Colette', 'Feenan', 'Guyonnet', 'China', 'Philippines', '2002-05-16', 'M', '2024');
insert into Atleta (IDentrenador, Nombre, Primer_Apellido, Segundo_Apellido, Pais_Origen, Representar_Pais, Nacimiento, Genero, Agno) values (62, 'Rolland', 'Dowears', 'Allbon', 'China', 'Philippines', '1958-03-01', 'M', '2024');
insert into Atleta (IDentrenador, Nombre, Primer_Apellido, Segundo_Apellido, Pais_Origen, Representar_Pais, Nacimiento, Genero, Agno) values (63, 'Ronny', 'Granleese', 'Guye', 'Portugal', 'Papua New Guinea', '1932-06-20', 'M', '2028');
insert into Atleta (IDentrenador, Nombre, Primer_Apellido, Segundo_Apellido, Pais_Origen, Representar_Pais, Nacimiento, Genero, Agno) values (64, 'Nathanial', 'Mendes', 'Dibdall', 'Saudi Arabia', 'Indonesia', '1940-04-25', 'F', '2024');
insert into Atleta (IDentrenador, Nombre, Primer_Apellido, Segundo_Apellido, Pais_Origen, Representar_Pais, Nacimiento, Genero, Agno) values (65, 'Pegeen', 'Kubasiewicz', 'Vercruysse', 'Uganda', 'China', '1934-08-22', 'F', '2024');
insert into Atleta (IDentrenador, Nombre, Primer_Apellido, Segundo_Apellido, Pais_Origen, Representar_Pais, Nacimiento, Genero, Agno) values (66, 'Meryl', 'Stainsby', 'Brandle', 'Norway', 'China', '1944-04-16', 'M', '2028');
insert into Atleta (IDentrenador, Nombre, Primer_Apellido, Segundo_Apellido, Pais_Origen, Representar_Pais, Nacimiento, Genero, Agno) values (67, 'Ceciley', 'Beddo', 'Mc Comb', 'China', 'Philippines', '1935-07-24', 'M', '2024');
insert into Atleta (IDentrenador, Nombre, Primer_Apellido, Segundo_Apellido, Pais_Origen, Representar_Pais, Nacimiento, Genero, Agno) values (68, 'Maxy', 'Pacher', 'Troak', 'China', 'Japan', '1932-09-01', 'M', '2024');
insert into Atleta (IDentrenador, Nombre, Primer_Apellido, Segundo_Apellido, Pais_Origen, Representar_Pais, Nacimiento, Genero, Agno) values (69, 'Cathryn', 'Alkins', 'Kyttor', 'Mexico', 'Libya', '2001-12-20', 'F', '2024');
insert into Atleta (IDentrenador, Nombre, Primer_Apellido, Segundo_Apellido, Pais_Origen, Representar_Pais, Nacimiento, Genero, Agno) values (70, 'Ramsay', 'Woffinden', 'Dedney', 'Sweden', 'China', '1948-12-05', 'F', '2028');
insert into Atleta (IDentrenador, Nombre, Primer_Apellido, Segundo_Apellido, Pais_Origen, Representar_Pais, Nacimiento, Genero, Agno) values (71, 'Elicia', 'Simkin', 'Hambly', 'Indonesia', 'Poland', '2004-06-08', 'M', '2024');
insert into Atleta (IDentrenador, Nombre, Primer_Apellido, Segundo_Apellido, Pais_Origen, Representar_Pais, Nacimiento, Genero, Agno) values (72, 'Marga', 'Driver', 'Curds', 'China', 'Portugal', '1944-08-11', 'M', '2028');
insert into Atleta (IDentrenador, Nombre, Primer_Apellido, Segundo_Apellido, Pais_Origen, Representar_Pais, Nacimiento, Genero, Agno) values (73, 'Martynne', 'Hartup', 'Stanners', 'France', 'United States', '1971-02-22', 'F', '2024');
insert into Atleta (IDentrenador, Nombre, Primer_Apellido, Segundo_Apellido, Pais_Origen, Representar_Pais, Nacimiento, Genero, Agno) values (74, 'Kiah', 'Marjot', 'Inchboard', 'Colombia', 'Brazil', '1972-07-30', 'F', '2024');
insert into Atleta (IDentrenador, Nombre, Primer_Apellido, Segundo_Apellido, Pais_Origen, Representar_Pais, Nacimiento, Genero, Agno) values (75, 'Fonsie', 'Scarfe', 'Haddick', 'Russia', 'China', '1934-12-22', 'F', '2028');
insert into Atleta (IDentrenador, Nombre, Primer_Apellido, Segundo_Apellido, Pais_Origen, Representar_Pais, Nacimiento, Genero, Agno) values (76, 'Adi', 'Finnie', 'Manvell', 'Indonesia', 'Russia', '2001-06-08', 'M', '2028');
insert into Atleta (IDentrenador, Nombre, Primer_Apellido, Segundo_Apellido, Pais_Origen, Representar_Pais, Nacimiento, Genero, Agno) values (77, 'Joann', 'Fines', 'Barrat', 'Philippines', 'Canada', '2007-07-04', 'M', '2028');
insert into Atleta (IDentrenador, Nombre, Primer_Apellido, Segundo_Apellido, Pais_Origen, Representar_Pais, Nacimiento, Genero, Agno) values (78, 'Erik', 'Hufton', 'Hapke', 'Italy', 'United States', '2009-07-07', 'M', '2028');
insert into Atleta (IDentrenador, Nombre, Primer_Apellido, Segundo_Apellido, Pais_Origen, Representar_Pais, Nacimiento, Genero, Agno) values (79, 'Ciro', 'Yabsley', 'Kittow', 'United States', 'China', '1965-12-22', 'M', '2028');
insert into Atleta (IDentrenador, Nombre, Primer_Apellido, Segundo_Apellido, Pais_Origen, Representar_Pais, Nacimiento, Genero, Agno) values (80, 'Baxter', 'Bettaney', 'Dameisele', 'Panama', 'Belarus', '1973-12-14', 'M', '2028');
insert into Atleta (IDentrenador, Nombre, Primer_Apellido, Segundo_Apellido, Pais_Origen, Representar_Pais, Nacimiento, Genero, Agno) values (81, 'Pattie', 'Herreran', 'Cabena', 'Indonesia', 'Japan', '2003-05-04', 'F', '2024');
insert into Atleta (IDentrenador, Nombre, Primer_Apellido, Segundo_Apellido, Pais_Origen, Representar_Pais, Nacimiento, Genero, Agno) values (82, 'Corabel', 'Shearston', 'Seeney', 'Canada', 'Bangladesh', '2005-02-05', 'F', '2024');
insert into Atleta (IDentrenador, Nombre, Primer_Apellido, Segundo_Apellido, Pais_Origen, Representar_Pais, Nacimiento, Genero, Agno) values (83, 'Kakalina', 'Tindall', 'Jachtym', 'Sudan', 'Poland', '1951-08-25', 'F', '2024');
insert into Atleta (IDentrenador, Nombre, Primer_Apellido, Segundo_Apellido, Pais_Origen, Representar_Pais, Nacimiento, Genero, Agno) values (84, 'Guillema', 'Jacobowicz', 'Lukovic', 'Liechtenstein', 'Nigeria', '1958-12-29', 'M', '2024');
insert into Atleta (IDentrenador, Nombre, Primer_Apellido, Segundo_Apellido, Pais_Origen, Representar_Pais, Nacimiento, Genero, Agno) values (85, 'Royal', 'Wissbey', 'Thexton', 'Indonesia', 'China', '2009-05-15', 'F', '2028');
insert into Atleta (IDentrenador, Nombre, Primer_Apellido, Segundo_Apellido, Pais_Origen, Representar_Pais, Nacimiento, Genero, Agno) values (86, 'Elwin', 'Patriskson', 'Gristwood', 'Sweden', 'Russia', '1963-03-16', 'M', '2028');
insert into Atleta (IDentrenador, Nombre, Primer_Apellido, Segundo_Apellido, Pais_Origen, Representar_Pais, Nacimiento, Genero, Agno) values (87, 'Dorry', 'Winscum', 'Lurcock', 'Poland', 'China', '1990-11-27', 'F', '2028');
insert into Atleta (IDentrenador, Nombre, Primer_Apellido, Segundo_Apellido, Pais_Origen, Representar_Pais, Nacimiento, Genero, Agno) values (88, 'Silvester', 'MacAscaidh', 'Raddin', 'Kenya', 'Ghana', '1976-10-05', 'M', '2024');
insert into Atleta (IDentrenador, Nombre, Primer_Apellido, Segundo_Apellido, Pais_Origen, Representar_Pais, Nacimiento, Genero, Agno) values (89, 'Gayelord', 'Izzett', 'Filinkov', 'Czech Republic', 'Indonesia', '1935-12-04', 'F', '2024');
insert into Atleta (IDentrenador, Nombre, Primer_Apellido, Segundo_Apellido, Pais_Origen, Representar_Pais, Nacimiento, Genero, Agno) values (90, 'Myrlene', 'Cumberpatch', 'Totaro', 'Indonesia', 'United States', '1979-02-01', 'M', '2028');
insert into Atleta (IDentrenador, Nombre, Primer_Apellido, Segundo_Apellido, Pais_Origen, Representar_Pais, Nacimiento, Genero, Agno) values (91, 'Emmalyn', 'Padberry', 'Hawke', 'China', 'Guam', '1977-11-15', 'M', '2028');
insert into Atleta (IDentrenador, Nombre, Primer_Apellido, Segundo_Apellido, Pais_Origen, Representar_Pais, Nacimiento, Genero, Agno) values (92, 'Ysabel', 'Humber', 'Filchagin', 'China', 'Indonesia', '1942-06-17', 'M', '2028');
insert into Atleta (IDentrenador, Nombre, Primer_Apellido, Segundo_Apellido, Pais_Origen, Representar_Pais, Nacimiento, Genero, Agno) values (93, 'Ginny', 'Triggel', 'Pamphilon', 'Norway', 'Venezuela', '1979-03-27', 'M', '2028');
insert into Atleta (IDentrenador, Nombre, Primer_Apellido, Segundo_Apellido, Pais_Origen, Representar_Pais, Nacimiento, Genero, Agno) values (94, 'Roosevelt', 'Grim', 'Vivien', 'Indonesia', 'Bosnia and Herzegovina', '1935-12-18', 'M', '2024');
insert into Atleta (IDentrenador, Nombre, Primer_Apellido, Segundo_Apellido, Pais_Origen, Representar_Pais, Nacimiento, Genero, Agno) values (95, 'Hunfredo', 'Bridge', 'Dowrey', 'United States', 'Cameroon', '1945-09-20', 'M', '2028');
insert into Atleta (IDentrenador, Nombre, Primer_Apellido, Segundo_Apellido, Pais_Origen, Representar_Pais, Nacimiento, Genero, Agno) values (96, 'Clemence', 'Richley', 'Nevin', 'China', 'China', '1935-06-11', 'M', '2028');
insert into Atleta (IDentrenador, Nombre, Primer_Apellido, Segundo_Apellido, Pais_Origen, Representar_Pais, Nacimiento, Genero, Agno) values (97, 'Jamil', 'Burdfield', 'Daville', 'Japan', 'China', '1984-10-15', 'F', '2024');
insert into Atleta (IDentrenador, Nombre, Primer_Apellido, Segundo_Apellido, Pais_Origen, Representar_Pais, Nacimiento, Genero, Agno) values (98, 'Ezmeralda', 'De Mars', 'Snaden', 'Poland', 'France', '1997-07-31', 'M', '2028');
insert into Atleta (IDentrenador, Nombre, Primer_Apellido, Segundo_Apellido, Pais_Origen, Representar_Pais, Nacimiento, Genero, Agno) values (99, 'Bearnard', 'Hirthe', 'Longhirst', 'Portugal', 'Malta', '1964-04-13', 'M', '2028');
insert into Atleta (IDentrenador, Nombre, Primer_Apellido, Segundo_Apellido, Pais_Origen, Representar_Pais, Nacimiento, Genero, Agno) values (100, 'Quinlan', 'Sephton', 'Aubry', 'China', 'Tokelau', '1958-04-18', 'F', '2028');
insert into Atleta (IDentrenador, Nombre, Primer_Apellido, Segundo_Apellido, Pais_Origen, Representar_Pais, Nacimiento, Genero, Agno) values (101, 'Dareen', 'Witard', 'Primak', 'Czech Republic', 'China', '1983-09-21', 'F', '2028');
insert into Atleta (IDentrenador, Nombre, Primer_Apellido, Segundo_Apellido, Pais_Origen, Representar_Pais, Nacimiento, Genero, Agno) values (102, 'Darnall', 'Schirak', 'Baggelley', 'China', 'Vietnam', '1961-10-17', 'F', '2024');
insert into Atleta (IDentrenador, Nombre, Primer_Apellido, Segundo_Apellido, Pais_Origen, Representar_Pais, Nacimiento, Genero, Agno) values (103, 'Beauregard', 'Perschke', 'Stephens', 'Russia', 'China', '1940-04-06', 'M', '2028');
insert into Atleta (IDentrenador, Nombre, Primer_Apellido, Segundo_Apellido, Pais_Origen, Representar_Pais, Nacimiento, Genero, Agno) values (104, 'Salaidh', 'Siburn', 'Stoneham', 'Japan', 'Brazil', '1978-08-01', 'F', '2028');
insert into Atleta (IDentrenador, Nombre, Primer_Apellido, Segundo_Apellido, Pais_Origen, Representar_Pais, Nacimiento, Genero, Agno) values (105, 'Timofei', 'Blaney', 'Minogue', 'China', 'Philippines', '1951-03-20', 'F', '2028');
insert into Atleta (IDentrenador, Nombre, Primer_Apellido, Segundo_Apellido, Pais_Origen, Representar_Pais, Nacimiento, Genero, Agno) values (106, 'Jeralee', 'Barrett', 'Rubinfajn', 'Indonesia', 'Czech Republic', '1932-05-19', 'F', '2028');
insert into Atleta (IDentrenador, Nombre, Primer_Apellido, Segundo_Apellido, Pais_Origen, Representar_Pais, Nacimiento, Genero, Agno) values (107, 'Margo', 'Aberdein', 'Jessope', 'China', 'United States', '1982-05-18', 'M', '2028');
insert into Atleta (IDentrenador, Nombre, Primer_Apellido, Segundo_Apellido, Pais_Origen, Representar_Pais, Nacimiento, Genero, Agno) values (108, 'Perry', 'Escoffrey', 'Gillett', 'China', 'China', '1987-08-03', 'M', '2024');
insert into Atleta (IDentrenador, Nombre, Primer_Apellido, Segundo_Apellido, Pais_Origen, Representar_Pais, Nacimiento, Genero, Agno) values (109, 'Ly', 'Chaffin', 'Wessell', 'Sweden', 'Nigeria', '1987-04-02', 'M', '2028');
insert into Atleta (IDentrenador, Nombre, Primer_Apellido, Segundo_Apellido, Pais_Origen, Representar_Pais, Nacimiento, Genero, Agno) values (110, 'Minnnie', 'Stollwerk', 'Weiss', 'Russia', 'Philippines', '2003-10-04', 'M', '2024');
insert into Atleta (IDentrenador, Nombre, Primer_Apellido, Segundo_Apellido, Pais_Origen, Representar_Pais, Nacimiento, Genero, Agno) values (111, 'Claiborne', 'Saker', 'Yearnsley', 'Russia', 'Indonesia', '1966-04-17', 'M', '2028');
insert into Atleta (IDentrenador, Nombre, Primer_Apellido, Segundo_Apellido, Pais_Origen, Representar_Pais, Nacimiento, Genero, Agno) values (112, 'Junia', 'Bartolijn', 'Valens-Smith', 'United States', 'China', '1942-10-21', 'M', '2024');
insert into Atleta (IDentrenador, Nombre, Primer_Apellido, Segundo_Apellido, Pais_Origen, Representar_Pais, Nacimiento, Genero, Agno) values (113, 'Sid', 'Aizikovitz', 'Parell', 'Finland', 'South Africa', '1992-01-15', 'F', '2024');
insert into Atleta (IDentrenador, Nombre, Primer_Apellido, Segundo_Apellido, Pais_Origen, Representar_Pais, Nacimiento, Genero, Agno) values (114, 'Walliw', 'Devany', 'Leuren', 'Germany', 'Pakistan', '2004-11-09', 'F', '2028');
insert into Atleta (IDentrenador, Nombre, Primer_Apellido, Segundo_Apellido, Pais_Origen, Representar_Pais, Nacimiento, Genero, Agno) values (115, 'Tansy', 'Etuck', 'Purveys', 'Indonesia', 'United States', '1933-10-26', 'F', '2028');
insert into Atleta (IDentrenador, Nombre, Primer_Apellido, Segundo_Apellido, Pais_Origen, Representar_Pais, Nacimiento, Genero, Agno) values (116, 'Marianna', 'Crocroft', 'Smoote', 'Ukraine', 'Armenia', '2003-07-16', 'M', '2028');
insert into Atleta (IDentrenador, Nombre, Primer_Apellido, Segundo_Apellido, Pais_Origen, Representar_Pais, Nacimiento, Genero, Agno) values (117, 'Ivett', 'Zima', 'Backhouse', 'Ukraine', 'Indonesia', '1961-08-19', 'M', '2028');
insert into Atleta (IDentrenador, Nombre, Primer_Apellido, Segundo_Apellido, Pais_Origen, Representar_Pais, Nacimiento, Genero, Agno) values (118, 'Berkie', 'Eveling', 'Topliss', 'Portugal', 'Philippines', '1973-12-15', 'F', '2028');
insert into Atleta (IDentrenador, Nombre, Primer_Apellido, Segundo_Apellido, Pais_Origen, Representar_Pais, Nacimiento, Genero, Agno) values (119, 'Kev', 'Charkham', 'Arnaldy', 'Ukraine', 'Belgium', '1988-05-08', 'M', '2024');
insert into Atleta (IDentrenador, Nombre, Primer_Apellido, Segundo_Apellido, Pais_Origen, Representar_Pais, Nacimiento, Genero, Agno) values (120, 'Arlen', 'Strickett', 'Harkins', 'United Kingdom', 'Serbia', '1959-08-19', 'F', '2024');
insert into Atleta (IDentrenador, Nombre, Primer_Apellido, Segundo_Apellido, Pais_Origen, Representar_Pais, Nacimiento, Genero, Agno) values (121, 'Hallsy', 'Paffley', 'Greenhouse', 'China', 'Democratic Republic of the Congo', '1939-05-07', 'F', '2024');
insert into Atleta (IDentrenador, Nombre, Primer_Apellido, Segundo_Apellido, Pais_Origen, Representar_Pais, Nacimiento, Genero, Agno) values (122, 'Ollie', 'Popeley', 'Foulks', 'Philippines', 'Indonesia', '1949-07-11', 'F', '2024');
insert into Atleta (IDentrenador, Nombre, Primer_Apellido, Segundo_Apellido, Pais_Origen, Representar_Pais, Nacimiento, Genero, Agno) values (123, 'Quillan', 'Franzonetti', 'Ruberti', 'Indonesia', 'Netherlands', '2007-09-25', 'F', '2024');
insert into Atleta (IDentrenador, Nombre, Primer_Apellido, Segundo_Apellido, Pais_Origen, Representar_Pais, Nacimiento, Genero, Agno) values (124, 'Dane', 'Sleightholme', 'Dowson', 'Thailand', 'Kenya', '1990-02-24', 'F', '2028');
insert into Atleta (IDentrenador, Nombre, Primer_Apellido, Segundo_Apellido, Pais_Origen, Representar_Pais, Nacimiento, Genero, Agno) values (125, 'Brigg', 'Pervew', 'Boundley', 'China', 'China', '1950-07-04', 'F', '2028');
insert into Atleta (IDentrenador, Nombre, Primer_Apellido, Segundo_Apellido, Pais_Origen, Representar_Pais, Nacimiento, Genero, Agno) values (126, 'Linus', 'Krink', 'Schwand', 'China', 'France', '1964-04-23', 'F', '2024');
insert into Atleta (IDentrenador, Nombre, Primer_Apellido, Segundo_Apellido, Pais_Origen, Representar_Pais, Nacimiento, Genero, Agno) values (127, 'Candida', 'Seal', 'Clutton', 'China', 'Russia', '1971-01-09', 'M', '2024');
insert into Atleta (IDentrenador, Nombre, Primer_Apellido, Segundo_Apellido, Pais_Origen, Representar_Pais, Nacimiento, Genero, Agno) values (128, 'Lucas', 'Bosson', 'O''Breen', 'Russia', 'Sudan', '1987-07-10', 'M', '2024');
insert into Atleta (IDentrenador, Nombre, Primer_Apellido, Segundo_Apellido, Pais_Origen, Representar_Pais, Nacimiento, Genero, Agno) values (129, 'Ebeneser', 'McCoveney', 'Benneton', 'Palestinian Territory', 'Japan', '1985-11-16', 'M', '2024');
insert into Atleta (IDentrenador, Nombre, Primer_Apellido, Segundo_Apellido, Pais_Origen, Representar_Pais, Nacimiento, Genero, Agno) values (130, 'Homerus', 'Schutze', 'Bramwell', 'Russia', 'Colombia', '1936-01-25', 'M', '2024');
insert into Atleta (IDentrenador, Nombre, Primer_Apellido, Segundo_Apellido, Pais_Origen, Representar_Pais, Nacimiento, Genero, Agno) values (131, 'Ernaline', 'Ruppeli', 'Swalteridge', 'Indonesia', 'Libya', '1974-02-06', 'F', '2028');
insert into Atleta (IDentrenador, Nombre, Primer_Apellido, Segundo_Apellido, Pais_Origen, Representar_Pais, Nacimiento, Genero, Agno) values (132, 'Jillene', 'Iacovaccio', 'Tupman', 'South Korea', 'China', '1947-10-28', 'M', '2024');
insert into Atleta (IDentrenador, Nombre, Primer_Apellido, Segundo_Apellido, Pais_Origen, Representar_Pais, Nacimiento, Genero, Agno) values (133, 'Caleb', 'Lorincz', 'Buie', 'Indonesia', 'United States', '1989-08-19', 'M', '2024');
insert into Atleta (IDentrenador, Nombre, Primer_Apellido, Segundo_Apellido, Pais_Origen, Representar_Pais, Nacimiento, Genero, Agno) values (134, 'Elva', 'Baines', 'Volkes', 'Mexico', 'Philippines', '2005-02-04', 'F', '2028');
insert into Atleta (IDentrenador, Nombre, Primer_Apellido, Segundo_Apellido, Pais_Origen, Representar_Pais, Nacimiento, Genero, Agno) values (135, 'Elihu', 'Cloney', 'Cathersides', 'China', 'Indonesia', '1941-04-02', 'M', '2028');
insert into Atleta (IDentrenador, Nombre, Primer_Apellido, Segundo_Apellido, Pais_Origen, Representar_Pais, Nacimiento, Genero, Agno) values (136, 'Spenser', 'Klampk', 'Steere', 'Canada', 'China', '2009-10-12', 'F', '2028');
insert into Atleta (IDentrenador, Nombre, Primer_Apellido, Segundo_Apellido, Pais_Origen, Representar_Pais, Nacimiento, Genero, Agno) values (137, 'Solly', 'Clitherow', 'Etteridge', 'Japan', 'Colombia', '1973-08-07', 'F', '2028');
insert into Atleta (IDentrenador, Nombre, Primer_Apellido, Segundo_Apellido, Pais_Origen, Representar_Pais, Nacimiento, Genero, Agno) values (138, 'Daryl', 'Bearne', 'Tipens', 'Portugal', 'Indonesia', '1943-07-15', 'F', '2024');
insert into Atleta (IDentrenador, Nombre, Primer_Apellido, Segundo_Apellido, Pais_Origen, Representar_Pais, Nacimiento, Genero, Agno) values (139, 'Cooper', 'Leadston', 'Lamonby', 'China', 'Brazil', '1994-12-14', 'M', '2028');
insert into Atleta (IDentrenador, Nombre, Primer_Apellido, Segundo_Apellido, Pais_Origen, Representar_Pais, Nacimiento, Genero, Agno) values (140, 'Thorndike', 'Scase', 'Ridsdole', 'Russia', 'Sweden', '1939-04-07', 'M', '2028');
insert into Atleta (IDentrenador, Nombre, Primer_Apellido, Segundo_Apellido, Pais_Origen, Representar_Pais, Nacimiento, Genero, Agno) values (141, 'Chris', 'Keetley', 'Hugill', 'Russia', 'Sweden', '1978-11-22', 'M', '2028');
insert into Atleta (IDentrenador, Nombre, Primer_Apellido, Segundo_Apellido, Pais_Origen, Representar_Pais, Nacimiento, Genero, Agno) values (142, 'Yurik', 'Ekkel', 'Tottie', 'China', 'Indonesia', '1991-07-30', 'M', '2024');
insert into Atleta (IDentrenador, Nombre, Primer_Apellido, Segundo_Apellido, Pais_Origen, Representar_Pais, Nacimiento, Genero, Agno) values (143, 'Tailor', 'Jerratsch', 'Brayford', 'China', 'China', '1963-07-18', 'M', '2024');
insert into Atleta (IDentrenador, Nombre, Primer_Apellido, Segundo_Apellido, Pais_Origen, Representar_Pais, Nacimiento, Genero, Agno) values (144, 'Darla', 'Finlater', 'Marusik', 'Ukraine', 'Afghanistan', '1994-03-20', 'F', '2024');
insert into Atleta (IDentrenador, Nombre, Primer_Apellido, Segundo_Apellido, Pais_Origen, Representar_Pais, Nacimiento, Genero, Agno) values (145, 'Lorri', 'Bolwell', 'Klimko', 'France', 'United States', '1953-06-17', 'M', '2024');
insert into Atleta (IDentrenador, Nombre, Primer_Apellido, Segundo_Apellido, Pais_Origen, Representar_Pais, Nacimiento, Genero, Agno) values (146, 'Mirabelle', 'Bridie', 'Skylett', 'China', 'Indonesia', '1955-04-09', 'F', '2028');
insert into Atleta (IDentrenador, Nombre, Primer_Apellido, Segundo_Apellido, Pais_Origen, Representar_Pais, Nacimiento, Genero, Agno) values (147, 'Nollie', 'Nashe', 'Giovannacci', 'Russia', 'Philippines', '1995-12-04', 'F', '2028');
insert into Atleta (IDentrenador, Nombre, Primer_Apellido, Segundo_Apellido, Pais_Origen, Representar_Pais, Nacimiento, Genero, Agno) values (148, 'Elmo', 'Ivermee', 'Buddock', 'United States', 'Greece', '1982-04-06', 'F', '2028');
insert into Atleta (IDentrenador, Nombre, Primer_Apellido, Segundo_Apellido, Pais_Origen, Representar_Pais, Nacimiento, Genero, Agno) values (149, 'Ester', 'Maine', 'Jirsa', 'Macedonia', 'Colombia', '1974-11-15', 'M', '2024');
insert into Atleta (IDentrenador, Nombre, Primer_Apellido, Segundo_Apellido, Pais_Origen, Representar_Pais, Nacimiento, Genero, Agno) values (150, 'Jourdan', 'Pavey', 'Bilbee', 'Benin', 'Guatemala', '1994-01-05', 'M', '2024');

-- Telefono Atleta
insert into TelefonoAtleta (IDatleta, TelefonoAtleta) values (32, '6609006571');
insert into TelefonoAtleta (IDatleta, TelefonoAtleta) values (148, '8567805052');
insert into TelefonoAtleta (IDatleta, TelefonoAtleta) values (64, '6711601196');
insert into TelefonoAtleta (IDatleta, TelefonoAtleta) values (93, '8168384273');
insert into TelefonoAtleta (IDatleta, TelefonoAtleta) values (84, '9245808982');
insert into TelefonoAtleta (IDatleta, TelefonoAtleta) values (86, '6791285898');
insert into TelefonoAtleta (IDatleta, TelefonoAtleta) values (132, '7159940642');
insert into TelefonoAtleta (IDatleta, TelefonoAtleta) values (38, '8554698806');
insert into TelefonoAtleta (IDatleta, TelefonoAtleta) values (93, '8421644673');
insert into TelefonoAtleta (IDatleta, TelefonoAtleta) values (62, '6405540141');
insert into TelefonoAtleta (IDatleta, TelefonoAtleta) values (49, '8872130609');
insert into TelefonoAtleta (IDatleta, TelefonoAtleta) values (23, '9092094730');
insert into TelefonoAtleta (IDatleta, TelefonoAtleta) values (40, '5332630372');
insert into TelefonoAtleta (IDatleta, TelefonoAtleta) values (134, '6162329698');
insert into TelefonoAtleta (IDatleta, TelefonoAtleta) values (92, '2475849256');
insert into TelefonoAtleta (IDatleta, TelefonoAtleta) values (90, '8497506828');
insert into TelefonoAtleta (IDatleta, TelefonoAtleta) values (16, '7943011888');
insert into TelefonoAtleta (IDatleta, TelefonoAtleta) values (137, '7604364869');
insert into TelefonoAtleta (IDatleta, TelefonoAtleta) values (143, '1892670546');
insert into TelefonoAtleta (IDatleta, TelefonoAtleta) values (64, '9292486111');
insert into TelefonoAtleta (IDatleta, TelefonoAtleta) values (74, '3919229009');
insert into TelefonoAtleta (IDatleta, TelefonoAtleta) values (20, '6504002523');
insert into TelefonoAtleta (IDatleta, TelefonoAtleta) values (36, '4045905072');
insert into TelefonoAtleta (IDatleta, TelefonoAtleta) values (108, '2363028615');
insert into TelefonoAtleta (IDatleta, TelefonoAtleta) values (12, '8118551885');
insert into TelefonoAtleta (IDatleta, TelefonoAtleta) values (108, '2555504131');
insert into TelefonoAtleta (IDatleta, TelefonoAtleta) values (147, '2852768128');
insert into TelefonoAtleta (IDatleta, TelefonoAtleta) values (138, '9406513194');
insert into TelefonoAtleta (IDatleta, TelefonoAtleta) values (113, '2059233901');
insert into TelefonoAtleta (IDatleta, TelefonoAtleta) values (64, '4203719688');
insert into TelefonoAtleta (IDatleta, TelefonoAtleta) values (68, '2454981365');
insert into TelefonoAtleta (IDatleta, TelefonoAtleta) values (129, '9267438918');
insert into TelefonoAtleta (IDatleta, TelefonoAtleta) values (83, '3007384587');
insert into TelefonoAtleta (IDatleta, TelefonoAtleta) values (148, '1535756206');
insert into TelefonoAtleta (IDatleta, TelefonoAtleta) values (90, '7956603209');
insert into TelefonoAtleta (IDatleta, TelefonoAtleta) values (117, '4838473348');
insert into TelefonoAtleta (IDatleta, TelefonoAtleta) values (5, '5224730932');
insert into TelefonoAtleta (IDatleta, TelefonoAtleta) values (128, '2495767254');
insert into TelefonoAtleta (IDatleta, TelefonoAtleta) values (135, '1851512586');
insert into TelefonoAtleta (IDatleta, TelefonoAtleta) values (119, '3028928826');
insert into TelefonoAtleta (IDatleta, TelefonoAtleta) values (83, '8609904693');
insert into TelefonoAtleta (IDatleta, TelefonoAtleta) values (46, '9107888555');
insert into TelefonoAtleta (IDatleta, TelefonoAtleta) values (14, '3998278179');
insert into TelefonoAtleta (IDatleta, TelefonoAtleta) values (141, '3382792919');
insert into TelefonoAtleta (IDatleta, TelefonoAtleta) values (84, '3104144047');
insert into TelefonoAtleta (IDatleta, TelefonoAtleta) values (122, '6202315280');
insert into TelefonoAtleta (IDatleta, TelefonoAtleta) values (9, '9785894087');
insert into TelefonoAtleta (IDatleta, TelefonoAtleta) values (137, '9464600275');
insert into TelefonoAtleta (IDatleta, TelefonoAtleta) values (25, '2659932049');
insert into TelefonoAtleta (IDatleta, TelefonoAtleta) values (92, '8914043726');
insert into TelefonoAtleta (IDatleta, TelefonoAtleta) values (94, '6997426946');
insert into TelefonoAtleta (IDatleta, TelefonoAtleta) values (24, '3832880828');
insert into TelefonoAtleta (IDatleta, TelefonoAtleta) values (34, '3626188756');
insert into TelefonoAtleta (IDatleta, TelefonoAtleta) values (25, '1818205052');
insert into TelefonoAtleta (IDatleta, TelefonoAtleta) values (35, '6503818833');
insert into TelefonoAtleta (IDatleta, TelefonoAtleta) values (13, '5209637265');
insert into TelefonoAtleta (IDatleta, TelefonoAtleta) values (78, '7667534985');
insert into TelefonoAtleta (IDatleta, TelefonoAtleta) values (97, '7183401683');
insert into TelefonoAtleta (IDatleta, TelefonoAtleta) values (32, '2616199484');
insert into TelefonoAtleta (IDatleta, TelefonoAtleta) values (89, '7614684571');
insert into TelefonoAtleta (IDatleta, TelefonoAtleta) values (140, '3453942640');
insert into TelefonoAtleta (IDatleta, TelefonoAtleta) values (149, '1675155362');
insert into TelefonoAtleta (IDatleta, TelefonoAtleta) values (130, '8863509245');
insert into TelefonoAtleta (IDatleta, TelefonoAtleta) values (39, '7229072852');
insert into TelefonoAtleta (IDatleta, TelefonoAtleta) values (92, '6535174834');
insert into TelefonoAtleta (IDatleta, TelefonoAtleta) values (28, '6387820282');
insert into TelefonoAtleta (IDatleta, TelefonoAtleta) values (67, '9373718733');
insert into TelefonoAtleta (IDatleta, TelefonoAtleta) values (107, '9456113601');
insert into TelefonoAtleta (IDatleta, TelefonoAtleta) values (99, '3575831701');
insert into TelefonoAtleta (IDatleta, TelefonoAtleta) values (34, '3179995792');
insert into TelefonoAtleta (IDatleta, TelefonoAtleta) values (95, '5658664362');
insert into TelefonoAtleta (IDatleta, TelefonoAtleta) values (90, '7296901944');
insert into TelefonoAtleta (IDatleta, TelefonoAtleta) values (84, '8122513715');
insert into TelefonoAtleta (IDatleta, TelefonoAtleta) values (36, '5707194104');
insert into TelefonoAtleta (IDatleta, TelefonoAtleta) values (112, '7522640680');
insert into TelefonoAtleta (IDatleta, TelefonoAtleta) values (81, '8223809098');
insert into TelefonoAtleta (IDatleta, TelefonoAtleta) values (139, '7893420895');
insert into TelefonoAtleta (IDatleta, TelefonoAtleta) values (120, '2213225459');
insert into TelefonoAtleta (IDatleta, TelefonoAtleta) values (79, '9639652611');
insert into TelefonoAtleta (IDatleta, TelefonoAtleta) values (38, '1353152987');
insert into TelefonoAtleta (IDatleta, TelefonoAtleta) values (58, '9441999389');
insert into TelefonoAtleta (IDatleta, TelefonoAtleta) values (126, '5891911971');
insert into TelefonoAtleta (IDatleta, TelefonoAtleta) values (27, '3747712840');
insert into TelefonoAtleta (IDatleta, TelefonoAtleta) values (110, '7289748870');
insert into TelefonoAtleta (IDatleta, TelefonoAtleta) values (131, '9672162480');
insert into TelefonoAtleta (IDatleta, TelefonoAtleta) values (4, '2994671720');
insert into TelefonoAtleta (IDatleta, TelefonoAtleta) values (24, '1115965140');
insert into TelefonoAtleta (IDatleta, TelefonoAtleta) values (104, '2375826534');
insert into TelefonoAtleta (IDatleta, TelefonoAtleta) values (48, '8654085626');
insert into TelefonoAtleta (IDatleta, TelefonoAtleta) values (113, '4683805687');
insert into TelefonoAtleta (IDatleta, TelefonoAtleta) values (40, '8819143586');
insert into TelefonoAtleta (IDatleta, TelefonoAtleta) values (142, '4418536751');
insert into TelefonoAtleta (IDatleta, TelefonoAtleta) values (133, '9607134280');
insert into TelefonoAtleta (IDatleta, TelefonoAtleta) values (125, '5351711581');
insert into TelefonoAtleta (IDatleta, TelefonoAtleta) values (32, '3356848627');
insert into TelefonoAtleta (IDatleta, TelefonoAtleta) values (113, '3067856507');
insert into TelefonoAtleta (IDatleta, TelefonoAtleta) values (43, '1585730666');
insert into TelefonoAtleta (IDatleta, TelefonoAtleta) values (92, '4438728383');
insert into TelefonoAtleta (IDatleta, TelefonoAtleta) values (90, '6157924100');
insert into TelefonoAtleta (IDatleta, TelefonoAtleta) values (43, '5117468535');
insert into TelefonoAtleta (IDatleta, TelefonoAtleta) values (59, '1079795670');
insert into TelefonoAtleta (IDatleta, TelefonoAtleta) values (126, '4804814952');
insert into TelefonoAtleta (IDatleta, TelefonoAtleta) values (74, '5401755446');
insert into TelefonoAtleta (IDatleta, TelefonoAtleta) values (75, '1107107731');
insert into TelefonoAtleta (IDatleta, TelefonoAtleta) values (20, '1065312075');
insert into TelefonoAtleta (IDatleta, TelefonoAtleta) values (6, '6833471535');
insert into TelefonoAtleta (IDatleta, TelefonoAtleta) values (65, '7189192252');
insert into TelefonoAtleta (IDatleta, TelefonoAtleta) values (85, '4224603644');
insert into TelefonoAtleta (IDatleta, TelefonoAtleta) values (92, '4628915414');
insert into TelefonoAtleta (IDatleta, TelefonoAtleta) values (89, '5621696399');
insert into TelefonoAtleta (IDatleta, TelefonoAtleta) values (90, '5136433191');
insert into TelefonoAtleta (IDatleta, TelefonoAtleta) values (40, '5939844812');
insert into TelefonoAtleta (IDatleta, TelefonoAtleta) values (102, '1854580264');
insert into TelefonoAtleta (IDatleta, TelefonoAtleta) values (11, '7553981856');
insert into TelefonoAtleta (IDatleta, TelefonoAtleta) values (43, '4917071874');
insert into TelefonoAtleta (IDatleta, TelefonoAtleta) values (20, '8528286722');
insert into TelefonoAtleta (IDatleta, TelefonoAtleta) values (66, '8279991529');
insert into TelefonoAtleta (IDatleta, TelefonoAtleta) values (93, '1128229483');
insert into TelefonoAtleta (IDatleta, TelefonoAtleta) values (50, '3576971634');
insert into TelefonoAtleta (IDatleta, TelefonoAtleta) values (81, '7397026364');
insert into TelefonoAtleta (IDatleta, TelefonoAtleta) values (35, '6137115894');
insert into TelefonoAtleta (IDatleta, TelefonoAtleta) values (126, '4604810166');
insert into TelefonoAtleta (IDatleta, TelefonoAtleta) values (121, '4119916090');
insert into TelefonoAtleta (IDatleta, TelefonoAtleta) values (40, '2926759596');
insert into TelefonoAtleta (IDatleta, TelefonoAtleta) values (83, '8746581660');
insert into TelefonoAtleta (IDatleta, TelefonoAtleta) values (42, '9674742604');
insert into TelefonoAtleta (IDatleta, TelefonoAtleta) values (30, '9857486219');
insert into TelefonoAtleta (IDatleta, TelefonoAtleta) values (127, '8337673860');
insert into TelefonoAtleta (IDatleta, TelefonoAtleta) values (122, '1861707656');
insert into TelefonoAtleta (IDatleta, TelefonoAtleta) values (122, '9593817873');
insert into TelefonoAtleta (IDatleta, TelefonoAtleta) values (95, '9383425024');
insert into TelefonoAtleta (IDatleta, TelefonoAtleta) values (12, '1534827964');
insert into TelefonoAtleta (IDatleta, TelefonoAtleta) values (4, '3404939048');
insert into TelefonoAtleta (IDatleta, TelefonoAtleta) values (94, '5586909380');
insert into TelefonoAtleta (IDatleta, TelefonoAtleta) values (40, '7801227238');
insert into TelefonoAtleta (IDatleta, TelefonoAtleta) values (53, '9821971212');
insert into TelefonoAtleta (IDatleta, TelefonoAtleta) values (138, '5537264126');
insert into TelefonoAtleta (IDatleta, TelefonoAtleta) values (79, '8837782933');
insert into TelefonoAtleta (IDatleta, TelefonoAtleta) values (49, '7641004782');
insert into TelefonoAtleta (IDatleta, TelefonoAtleta) values (12, '2018836402');
insert into TelefonoAtleta (IDatleta, TelefonoAtleta) values (40, '7693959095');
insert into TelefonoAtleta (IDatleta, TelefonoAtleta) values (98, '4353011816');
insert into TelefonoAtleta (IDatleta, TelefonoAtleta) values (29, '3229842170');
insert into TelefonoAtleta (IDatleta, TelefonoAtleta) values (90, '2045672385');
insert into TelefonoAtleta (IDatleta, TelefonoAtleta) values (115, '4807425060');
insert into TelefonoAtleta (IDatleta, TelefonoAtleta) values (64, '7963208450');
insert into TelefonoAtleta (IDatleta, TelefonoAtleta) values (111, '2518484771');
insert into TelefonoAtleta (IDatleta, TelefonoAtleta) values (96, '6345272661');
insert into TelefonoAtleta (IDatleta, TelefonoAtleta) values (88, '5503002651');
insert into TelefonoAtleta (IDatleta, TelefonoAtleta) values (118, '7507857207');

-- Correo Atleta
insert into CorreoAtleta (IDatleta, CorreoAtleta) values (99, 'mitzakson0@va.gov');
insert into CorreoAtleta (IDatleta, CorreoAtleta) values (17, 'bgosnay1@instagram.com');
insert into CorreoAtleta (IDatleta, CorreoAtleta) values (37, 'lmilkins2@ameblo.jp');
insert into CorreoAtleta (IDatleta, CorreoAtleta) values (120, 'rtait3@opensource.org');
insert into CorreoAtleta (IDatleta, CorreoAtleta) values (123, 'khellwich4@google.cn');
insert into CorreoAtleta (IDatleta, CorreoAtleta) values (73, 'emaplethorpe5@virginia.edu');
insert into CorreoAtleta (IDatleta, CorreoAtleta) values (38, 'cberi6@ft.com');
insert into CorreoAtleta (IDatleta, CorreoAtleta) values (100, 'kburtt7@mapy.cz');
insert into CorreoAtleta (IDatleta, CorreoAtleta) values (122, 'igarthshore8@abc.net.au');
insert into CorreoAtleta (IDatleta, CorreoAtleta) values (2, 'tocosgra9@cocolog-nifty.com');
insert into CorreoAtleta (IDatleta, CorreoAtleta) values (64, 'mwilflingera@narod.ru');
insert into CorreoAtleta (IDatleta, CorreoAtleta) values (130, 'bhamblettb@disqus.com');
insert into CorreoAtleta (IDatleta, CorreoAtleta) values (3, 'swealdc@google.com.hk');
insert into CorreoAtleta (IDatleta, CorreoAtleta) values (141, 'sailmerd@people.com.cn');
insert into CorreoAtleta (IDatleta, CorreoAtleta) values (57, 'kcudihye@blogger.com');
insert into CorreoAtleta (IDatleta, CorreoAtleta) values (93, 'mkuhnef@tmall.com');
insert into CorreoAtleta (IDatleta, CorreoAtleta) values (134, 'bplakg@miibeian.gov.cn');
insert into CorreoAtleta (IDatleta, CorreoAtleta) values (94, 'jcastroh@geocities.jp');
insert into CorreoAtleta (IDatleta, CorreoAtleta) values (4, 'nginglei@nytimes.com');
insert into CorreoAtleta (IDatleta, CorreoAtleta) values (32, 'ereschkej@senate.gov');
insert into CorreoAtleta (IDatleta, CorreoAtleta) values (20, 'rharmsk@ed.gov');
insert into CorreoAtleta (IDatleta, CorreoAtleta) values (48, 'mpankethmanl@wisc.edu');
insert into CorreoAtleta (IDatleta, CorreoAtleta) values (79, 'schaffinm@networksolutions.com');
insert into CorreoAtleta (IDatleta, CorreoAtleta) values (139, 'bamericin@ebay.com');
insert into CorreoAtleta (IDatleta, CorreoAtleta) values (109, 'sgregoraceo@spotify.com');
insert into CorreoAtleta (IDatleta, CorreoAtleta) values (58, 'pmcmanamonp@soundcloud.com');
insert into CorreoAtleta (IDatleta, CorreoAtleta) values (19, 'megeq@nature.com');
insert into CorreoAtleta (IDatleta, CorreoAtleta) values (80, 'dpiburnr@hexun.com');
insert into CorreoAtleta (IDatleta, CorreoAtleta) values (29, 'rhartshorns@google.ru');
insert into CorreoAtleta (IDatleta, CorreoAtleta) values (13, 'cwoodberryt@deliciousdays.com');
insert into CorreoAtleta (IDatleta, CorreoAtleta) values (126, 'plunau@blog.com');
insert into CorreoAtleta (IDatleta, CorreoAtleta) values (140, 'uharcombev@time.com');
insert into CorreoAtleta (IDatleta, CorreoAtleta) values (110, 'salleynw@usnews.com');
insert into CorreoAtleta (IDatleta, CorreoAtleta) values (69, 'bantonoczykx@shop-pro.jp');
insert into CorreoAtleta (IDatleta, CorreoAtleta) values (126, 'cheaslyy@bravesites.com');
insert into CorreoAtleta (IDatleta, CorreoAtleta) values (2, 'btorveyz@businessinsider.com');
insert into CorreoAtleta (IDatleta, CorreoAtleta) values (71, 'jchese10@flickr.com');
insert into CorreoAtleta (IDatleta, CorreoAtleta) values (93, 'amaplethorpe11@umn.edu');
insert into CorreoAtleta (IDatleta, CorreoAtleta) values (23, 'shallums12@about.com');
insert into CorreoAtleta (IDatleta, CorreoAtleta) values (32, 'loneal13@shinystat.com');
insert into CorreoAtleta (IDatleta, CorreoAtleta) values (121, 'stomkowicz14@bloglines.com');
insert into CorreoAtleta (IDatleta, CorreoAtleta) values (99, 'ogurnell15@dot.gov');
insert into CorreoAtleta (IDatleta, CorreoAtleta) values (111, 'tbewick16@bandcamp.com');
insert into CorreoAtleta (IDatleta, CorreoAtleta) values (90, 'gmulhall17@pcworld.com');
insert into CorreoAtleta (IDatleta, CorreoAtleta) values (98, 'fdeglanville18@slideshare.net');
insert into CorreoAtleta (IDatleta, CorreoAtleta) values (78, 'imcgillivrie19@hexun.com');
insert into CorreoAtleta (IDatleta, CorreoAtleta) values (61, 'mgiacobazzi1a@webmd.com');
insert into CorreoAtleta (IDatleta, CorreoAtleta) values (135, 'finstrell1b@utexas.edu');
insert into CorreoAtleta (IDatleta, CorreoAtleta) values (95, 'lyoud1c@soup.io');
insert into CorreoAtleta (IDatleta, CorreoAtleta) values (79, 'dstowgill1d@imgur.com');
insert into CorreoAtleta (IDatleta, CorreoAtleta) values (37, 'agoslin1e@bandcamp.com');
insert into CorreoAtleta (IDatleta, CorreoAtleta) values (150, 'ljandac1f@sourceforge.net');
insert into CorreoAtleta (IDatleta, CorreoAtleta) values (152, 'slindeberg1g@apple.com');
insert into CorreoAtleta (IDatleta, CorreoAtleta) values (84, 'candrejevic1h@yolasite.com');
insert into CorreoAtleta (IDatleta, CorreoAtleta) values (71, 'kjosuweit1i@1688.com');
insert into CorreoAtleta (IDatleta, CorreoAtleta) values (34, 'jclavey1j@icio.us');
insert into CorreoAtleta (IDatleta, CorreoAtleta) values (72, 'mmcdonagh1k@timesonline.co.uk');
insert into CorreoAtleta (IDatleta, CorreoAtleta) values (120, 'lunderhill1l@europa.eu');
insert into CorreoAtleta (IDatleta, CorreoAtleta) values (110, 'ohawkslee1m@zdnet.com');
insert into CorreoAtleta (IDatleta, CorreoAtleta) values (113, 'auttridge1n@businesswire.com');
insert into CorreoAtleta (IDatleta, CorreoAtleta) values (107, 'vrevens1o@artisteer.com');
insert into CorreoAtleta (IDatleta, CorreoAtleta) values (29, 'lkelleway1p@howstuffworks.com');
insert into CorreoAtleta (IDatleta, CorreoAtleta) values (111, 'iingre1q@virginia.edu');
insert into CorreoAtleta (IDatleta, CorreoAtleta) values (153, 'pkopacek1r@cdbaby.com');
insert into CorreoAtleta (IDatleta, CorreoAtleta) values (92, 'lbosenworth1s@foxnews.com');
insert into CorreoAtleta (IDatleta, CorreoAtleta) values (122, 'mdanielou1t@mysql.com');
insert into CorreoAtleta (IDatleta, CorreoAtleta) values (10, 'cturbard1u@google.co.uk');
insert into CorreoAtleta (IDatleta, CorreoAtleta) values (26, 'gpuleque1v@opera.com');
insert into CorreoAtleta (IDatleta, CorreoAtleta) values (83, 'ewinchester1w@storify.com');
insert into CorreoAtleta (IDatleta, CorreoAtleta) values (25, 'lguinness1x@dailymail.co.uk');
insert into CorreoAtleta (IDatleta, CorreoAtleta) values (138, 'athebeaud1y@creativecommons.org');
insert into CorreoAtleta (IDatleta, CorreoAtleta) values (86, 'mfulep1z@ning.com');
insert into CorreoAtleta (IDatleta, CorreoAtleta) values (47, 'dphilippe20@engadget.com');
insert into CorreoAtleta (IDatleta, CorreoAtleta) values (40, 'pletherbury21@1688.com');
insert into CorreoAtleta (IDatleta, CorreoAtleta) values (148, 'gtreacy22@dropbox.com');
insert into CorreoAtleta (IDatleta, CorreoAtleta) values (93, 'csealand23@auda.org.au');
insert into CorreoAtleta (IDatleta, CorreoAtleta) values (143, 'laggott24@smugmug.com');
insert into CorreoAtleta (IDatleta, CorreoAtleta) values (36, 'oveness25@vk.com');
insert into CorreoAtleta (IDatleta, CorreoAtleta) values (31, 'pwheaton26@technorati.com');
insert into CorreoAtleta (IDatleta, CorreoAtleta) values (136, 'jpatsall27@elpais.com');
insert into CorreoAtleta (IDatleta, CorreoAtleta) values (133, 'kswift28@zdnet.com');
insert into CorreoAtleta (IDatleta, CorreoAtleta) values (84, 'lclementet29@123-reg.co.uk');
insert into CorreoAtleta (IDatleta, CorreoAtleta) values (59, 'anunn2a@facebook.com');
insert into CorreoAtleta (IDatleta, CorreoAtleta) values (65, 'crichter2b@sina.com.cn');
insert into CorreoAtleta (IDatleta, CorreoAtleta) values (43, 'edundredge2c@so-net.ne.jp');
insert into CorreoAtleta (IDatleta, CorreoAtleta) values (139, 'kleprevost2d@china.com.cn');
insert into CorreoAtleta (IDatleta, CorreoAtleta) values (7, 'valdwich2e@123-reg.co.uk');
insert into CorreoAtleta (IDatleta, CorreoAtleta) values (46, 'protge2f@surveymonkey.com');
insert into CorreoAtleta (IDatleta, CorreoAtleta) values (30, 'gmertin2g@unblog.fr');
insert into CorreoAtleta (IDatleta, CorreoAtleta) values (77, 'flossman2h@paginegialle.it');
insert into CorreoAtleta (IDatleta, CorreoAtleta) values (5, 'rgandley2i@wikia.com');
insert into CorreoAtleta (IDatleta, CorreoAtleta) values (62, 'ljaggers2j@cisco.com');
insert into CorreoAtleta (IDatleta, CorreoAtleta) values (8, 'mcantwell2k@oracle.com');
insert into CorreoAtleta (IDatleta, CorreoAtleta) values (70, 'mmccracken2l@joomla.org');
insert into CorreoAtleta (IDatleta, CorreoAtleta) values (127, 'drakestraw2m@woothemes.com');
insert into CorreoAtleta (IDatleta, CorreoAtleta) values (151, 'lstilling2n@godaddy.com');
insert into CorreoAtleta (IDatleta, CorreoAtleta) values (113, 'lallwell2o@narod.ru');
insert into CorreoAtleta (IDatleta, CorreoAtleta) values (104, 'gzanetto2p@marketwatch.com');
insert into CorreoAtleta (IDatleta, CorreoAtleta) values (104, 'bdesborough2q@si.edu');
insert into CorreoAtleta (IDatleta, CorreoAtleta) values (135, 'fpeat2r@sitemeter.com');
insert into CorreoAtleta (IDatleta, CorreoAtleta) values (93, 'fbunney2s@shareasale.com');
insert into CorreoAtleta (IDatleta, CorreoAtleta) values (43, 'gjaggs2t@amazon.co.jp');
insert into CorreoAtleta (IDatleta, CorreoAtleta) values (74, 'hpickthorne2u@sina.com.cn');
insert into CorreoAtleta (IDatleta, CorreoAtleta) values (72, 'cbarraclough2v@feedburner.com');
insert into CorreoAtleta (IDatleta, CorreoAtleta) values (60, 'ariggott2w@reference.com');
insert into CorreoAtleta (IDatleta, CorreoAtleta) values (139, 'cgerold2x@nyu.edu');
insert into CorreoAtleta (IDatleta, CorreoAtleta) values (38, 'mdutnell2y@t.co');
insert into CorreoAtleta (IDatleta, CorreoAtleta) values (25, 'mmcmakin2z@economist.com');
insert into CorreoAtleta (IDatleta, CorreoAtleta) values (96, 'nmccartan30@usnews.com');
insert into CorreoAtleta (IDatleta, CorreoAtleta) values (90, 'ewiggam31@prlog.org');
insert into CorreoAtleta (IDatleta, CorreoAtleta) values (54, 'fblades32@harvard.edu');
insert into CorreoAtleta (IDatleta, CorreoAtleta) values (71, 'fubsdell33@simplemachines.org');
insert into CorreoAtleta (IDatleta, CorreoAtleta) values (54, 'jdunsmuir34@bandcamp.com');
insert into CorreoAtleta (IDatleta, CorreoAtleta) values (37, 'cbacke35@spotify.com');
insert into CorreoAtleta (IDatleta, CorreoAtleta) values (44, 'mtilston36@toplist.cz');
insert into CorreoAtleta (IDatleta, CorreoAtleta) values (61, 'tcorneljes37@fc2.com');
insert into CorreoAtleta (IDatleta, CorreoAtleta) values (14, 'enoke38@zimbio.com');
insert into CorreoAtleta (IDatleta, CorreoAtleta) values (128, 'kpuddin39@bandcamp.com');
insert into CorreoAtleta (IDatleta, CorreoAtleta) values (101, 'jodoghesty3a@a8.net');
insert into CorreoAtleta (IDatleta, CorreoAtleta) values (66, 'iduce3b@theatlantic.com');
insert into CorreoAtleta (IDatleta, CorreoAtleta) values (91, 'rnenci3c@instagram.com');
insert into CorreoAtleta (IDatleta, CorreoAtleta) values (45, 'cpanchin3d@yale.edu');
insert into CorreoAtleta (IDatleta, CorreoAtleta) values (25, 'candrzej3e@etsy.com');
insert into CorreoAtleta (IDatleta, CorreoAtleta) values (101, 'bovanesian3f@amazon.co.uk');
insert into CorreoAtleta (IDatleta, CorreoAtleta) values (67, 'jbrabham3g@ibm.com');
insert into CorreoAtleta (IDatleta, CorreoAtleta) values (50, 'rknight3h@vinaora.com');
insert into CorreoAtleta (IDatleta, CorreoAtleta) values (49, 'crigney3i@g.co');
insert into CorreoAtleta (IDatleta, CorreoAtleta) values (83, 'cmcall3j@issuu.com');
insert into CorreoAtleta (IDatleta, CorreoAtleta) values (75, 'vfeuell3k@wikia.com');
insert into CorreoAtleta (IDatleta, CorreoAtleta) values (119, 'croyse3l@theatlantic.com');
insert into CorreoAtleta (IDatleta, CorreoAtleta) values (35, 'kknight3m@myspace.com');
insert into CorreoAtleta (IDatleta, CorreoAtleta) values (141, 'ndebernardis3n@tinypic.com');
insert into CorreoAtleta (IDatleta, CorreoAtleta) values (140, 'estrathearn3o@unesco.org');
insert into CorreoAtleta (IDatleta, CorreoAtleta) values (61, 'ewearn3p@noaa.gov');
insert into CorreoAtleta (IDatleta, CorreoAtleta) values (115, 'rharkus3q@bbb.org');
insert into CorreoAtleta (IDatleta, CorreoAtleta) values (9, 'etrouncer3r@youku.com');
insert into CorreoAtleta (IDatleta, CorreoAtleta) values (54, 'jgirardoni3s@discuz.net');
insert into CorreoAtleta (IDatleta, CorreoAtleta) values (60, 'cpentycost3t@discuz.net');
insert into CorreoAtleta (IDatleta, CorreoAtleta) values (26, 'ceate3u@webmd.com');
insert into CorreoAtleta (IDatleta, CorreoAtleta) values (144, 'preekie3v@marketwatch.com');
insert into CorreoAtleta (IDatleta, CorreoAtleta) values (56, 'mstrettle3w@amazon.co.jp');
insert into CorreoAtleta (IDatleta, CorreoAtleta) values (89, 'blewsie3x@chronoengine.com');
insert into CorreoAtleta (IDatleta, CorreoAtleta) values (51, 'abertomier3y@usa.gov');
insert into CorreoAtleta (IDatleta, CorreoAtleta) values (146, 'kperkins3z@yolasite.com');
insert into CorreoAtleta (IDatleta, CorreoAtleta) values (40, 'raldous40@wp.com');
insert into CorreoAtleta (IDatleta, CorreoAtleta) values (123, 'pcobbald41@topsy.com');
insert into CorreoAtleta (IDatleta, CorreoAtleta) values (79, 'mhallewell42@apache.org');
insert into CorreoAtleta (IDatleta, CorreoAtleta) values (75, 'giseton43@geocities.jp');
insert into CorreoAtleta (IDatleta, CorreoAtleta) values (7, 'lnetherclift44@theatlantic.com');
insert into CorreoAtleta (IDatleta, CorreoAtleta) values (136, 'rkinsella45@pbs.org');

-- DISCIPLINA
INSERT INTO Disciplina (IDdisciplina, Equipo, Individual, Num_Participantes_Equipo) VALUES ('Lucha libre peso pesado', false, true, 1);
INSERT INTO Disciplina (IDdisciplina, Equipo, Individual, Num_Participantes_Equipo) VALUES ('Atletismo lanzamiento de jabalina', false, true, 1);
INSERT INTO Disciplina (IDdisciplina, Equipo, Individual, Num_Participantes_Equipo) VALUES ('Ciclismo montaña', false, true, 1);
INSERT INTO Disciplina (IDdisciplina, Equipo, Individual, Num_Participantes_Equipo) VALUES ('Tiro con arco femenino por equipos', true, false, 3);
INSERT INTO Disciplina (IDdisciplina, Equipo, Individual, Num_Participantes_Equipo) VALUES ('Esgrima sable femenino', false, true, 1);
INSERT INTO Disciplina (IDdisciplina, Equipo, Individual, Num_Participantes_Equipo) VALUES ('Esquí de fondo femenino relevos', true, false, 4);
INSERT INTO Disciplina (IDdisciplina, Equipo, Individual, Num_Participantes_Equipo) VALUES ('Tiro con arco en equipo mixto', true, false, 3);
INSERT INTO Disciplina (IDdisciplina, Equipo, Individual, Num_Participantes_Equipo) VALUES ('Natación relevos 4x100 combinado', true, false, 4);
INSERT INTO Disciplina (IDdisciplina, Equipo, Individual, Num_Participantes_Equipo) VALUES ('Snowboard slopestyle', false, true, 1);
INSERT INTO Disciplina (IDdisciplina, Equipo, Individual, Num_Participantes_Equipo) VALUES ('Patinaje artístico por parejas femenil', true, false, 2);
INSERT INTO Disciplina (IDdisciplina, Equipo, Individual, Num_Participantes_Equipo) VALUES ('Halterofilia -73 kg femenil', false, true, 1);
INSERT INTO Disciplina (IDdisciplina, Equipo, Individual, Num_Participantes_Equipo) VALUES ('Voleibol en equipo', true, false, 6);
INSERT INTO Disciplina (IDdisciplina, Equipo, Individual, Num_Participantes_Equipo) VALUES ('Atletismo 800 metros', false, true, 1);
INSERT INTO Disciplina (IDdisciplina, Equipo, Individual, Num_Participantes_Equipo) VALUES ('Atletismo salto de longitud', false, true, 1);
INSERT INTO Disciplina (IDdisciplina, Equipo, Individual, Num_Participantes_Equipo) VALUES ('Pentatlón femenino', false, true, 1);
INSERT INTO Disciplina (IDdisciplina, Equipo, Individual, Num_Participantes_Equipo) VALUES ('Natación 200 metros espalda', false, true, 1);
INSERT INTO Disciplina (IDdisciplina, Equipo, Individual, Num_Participantes_Equipo) VALUES ('Lucha libre peso ligero', false, true, 1);
INSERT INTO Disciplina (IDdisciplina, Equipo, Individual, Num_Participantes_Equipo) VALUES ('Atletismo 5000 metros', false, true, 1);
INSERT INTO Disciplina (IDdisciplina, Equipo, Individual, Num_Participantes_Equipo) VALUES ('Triatlón individual', false, true, 1);
INSERT INTO Disciplina (IDdisciplina, Equipo, Individual, Num_Participantes_Equipo) VALUES ('Karate kata', false, true, 1);
INSERT INTO Disciplina (IDdisciplina, Equipo, Individual, Num_Participantes_Equipo) VALUES ('Bádminton dobles', true, false, 2);
INSERT INTO Disciplina (IDdisciplina, Equipo, Individual, Num_Participantes_Equipo) VALUES ('Clavados 3 metros trampolín', false, true, 1);
INSERT INTO Disciplina (IDdisciplina, Equipo, Individual, Num_Participantes_Equipo) VALUES ('Ciclismo equipo persecución', true, false, 4);
INSERT INTO Disciplina (IDdisciplina, Equipo, Individual, Num_Participantes_Equipo) VALUES ('Tiro skeet femenino', false, true, 1);
INSERT INTO Disciplina (IDdisciplina, Equipo, Individual, Num_Participantes_Equipo) VALUES ('Atletismo 5000 metros femenil', false, true, 1);
INSERT INTO Disciplina (IDdisciplina, Equipo, Individual, Num_Participantes_Equipo) VALUES ('Bádminton dobles mixto', true, false, 2);
INSERT INTO Disciplina (IDdisciplina, Equipo, Individual, Num_Participantes_Equipo) VALUES ('Tiro skeet masculino', false, true, 1);
INSERT INTO Disciplina (IDdisciplina, Equipo, Individual, Num_Participantes_Equipo) VALUES ('Béisbol femenino', true, false, 9);
INSERT INTO Disciplina (IDdisciplina, Equipo, Individual, Num_Participantes_Equipo) VALUES ('Natación 200 metros femenil', false, true, 1);
INSERT INTO Disciplina (IDdisciplina, Equipo, Individual, Num_Participantes_Equipo) VALUES ('Béisbol', true, false, 9);
INSERT INTO Disciplina (IDdisciplina, Equipo, Individual, Num_Participantes_Equipo) VALUES ('Karate kata femenil', false, true, 1);
INSERT INTO Disciplina (IDdisciplina, Equipo, Individual, Num_Participantes_Equipo) VALUES ('Gimnasia trampolín', false, true, 1);
INSERT INTO Disciplina (IDdisciplina, Equipo, Individual, Num_Participantes_Equipo) VALUES ('Natación 1500 metros libre', false, true, 1);
INSERT INTO Disciplina (IDdisciplina, Equipo, Individual, Num_Participantes_Equipo) VALUES ('Hockey sobre césped', true, false, 11);
INSERT INTO Disciplina (IDdisciplina, Equipo, Individual, Num_Participantes_Equipo) VALUES ('Atletismo 800 metros femenil', false, true, 1);
INSERT INTO Disciplina (IDdisciplina, Equipo, Individual, Num_Participantes_Equipo) VALUES ('Lucha libre peso mediano', false, true, 1);
INSERT INTO Disciplina (IDdisciplina, Equipo, Individual, Num_Participantes_Equipo) VALUES ('Esgrima florete', false, true, 1);
INSERT INTO Disciplina (IDdisciplina, Equipo, Individual, Num_Participantes_Equipo) VALUES ('Natación 100 metros mariposa', false, true, 1);
INSERT INTO Disciplina (IDdisciplina, Equipo, Individual, Num_Participantes_Equipo) VALUES ('Clavados sincronizados 10 metros', true, false, 2);
INSERT INTO Disciplina (IDdisciplina, Equipo, Individual, Num_Participantes_Equipo) VALUES ('Golf', false, true, 1);
INSERT INTO Disciplina (IDdisciplina, Equipo, Individual, Num_Participantes_Equipo) VALUES ('Hockey sobre césped Modalidad Femenina', true, false, 11);
INSERT INTO Disciplina (IDdisciplina, Equipo, Individual, Num_Participantes_Equipo) VALUES ('Piragüismo slalom individual', false, true, 1);
INSERT INTO Disciplina (IDdisciplina, Equipo, Individual, Num_Participantes_Equipo) VALUES ('Piragüismo slalom en pareja', true, false, 2);
INSERT INTO Disciplina (IDdisciplina, Equipo, Individual, Num_Participantes_Equipo) VALUES ('Lucha libre femenil', false, true, 1);
INSERT INTO Disciplina (IDdisciplina, Equipo, Individual, Num_Participantes_Equipo) VALUES ('Karate kata varonil', false, true, 1);
INSERT INTO Disciplina (IDdisciplina, Equipo, Individual, Num_Participantes_Equipo) VALUES ('Patinaje de velocidad individual', true, false, 4);
INSERT INTO Disciplina (IDdisciplina, Equipo, Individual, Num_Participantes_Equipo) VALUES ('Esgrima sable masculino', false, true, 1);
INSERT INTO Disciplina (IDdisciplina, Equipo, Individual, Num_Participantes_Equipo) VALUES ('Rugby 7', true, false, 7);
INSERT INTO Disciplina (IDdisciplina, Equipo, Individual, Num_Participantes_Equipo) VALUES ('Béisbol 3x3', true, false, 3);
INSERT INTO Disciplina (IDdisciplina, Equipo, Individual, Num_Participantes_Equipo) VALUES ('Atletismo relevos 4x100', true, false, 4);
INSERT INTO Disciplina (IDdisciplina, Equipo, Individual, Num_Participantes_Equipo) VALUES ('Vela individual', false, true, 1);
INSERT INTO Disciplina (IDdisciplina, Equipo, Individual, Num_Participantes_Equipo) VALUES ('Judo femenino', false, true, 1);
INSERT INTO Disciplina (IDdisciplina, Equipo, Individual, Num_Participantes_Equipo) VALUES ('Karate kumite +55 kg', false, true, 1);
INSERT INTO Disciplina (IDdisciplina, Equipo, Individual, Num_Participantes_Equipo) VALUES ('Ciclismo montaña parejas', true, false, 2);
INSERT INTO Disciplina (IDdisciplina, Equipo, Individual, Num_Participantes_Equipo) VALUES ('Atletismo Saltos', false, true, 1);
INSERT INTO Disciplina (IDdisciplina, Equipo, Individual, Num_Participantes_Equipo) VALUES ('Surf', false, true, 1);
INSERT INTO Disciplina (IDdisciplina, Equipo, Individual, Num_Participantes_Equipo) VALUES ('Bobsleigh 4 personas', true, false, 4);
INSERT INTO Disciplina (IDdisciplina, Equipo, Individual, Num_Participantes_Equipo) VALUES ('Tiro skeet Doble Trap', false, true, 1);
INSERT INTO Disciplina (IDdisciplina, Equipo, Individual, Num_Participantes_Equipo) VALUES ('Esquí alpino slalom', false, true, 1);
INSERT INTO Disciplina (IDdisciplina, Equipo, Individual, Num_Participantes_Equipo) VALUES ('Levantamiento de pesas 73 kg', false, true, 1);
INSERT INTO Disciplina (IDdisciplina, Equipo, Individual, Num_Participantes_Equipo) VALUES ('Karate kumite', false, true, 1);
INSERT INTO Disciplina (IDdisciplina, Equipo, Individual, Num_Participantes_Equipo) VALUES ('Patinaje de velocidad relevos', true, false, 4);
INSERT INTO Disciplina (IDdisciplina, Equipo, Individual, Num_Participantes_Equipo) VALUES ('Tiro con arco en equipo femenil', true, false, 3);
INSERT INTO Disciplina (IDdisciplina, Equipo, Individual, Num_Participantes_Equipo) VALUES ('Tiro con arco en equipo masculino', true, false, 3);
INSERT INTO Disciplina (IDdisciplina, Equipo, Individual, Num_Participantes_Equipo) VALUES ('Gimnasia Artística', false, true, 1);
INSERT INTO Disciplina (IDdisciplina, Equipo, Individual, Num_Participantes_Equipo) VALUES ('Atletismo 400 metros', false, true, 1);
INSERT INTO Disciplina (IDdisciplina, Equipo, Individual, Num_Participantes_Equipo) VALUES ('Vela individual Femenino', false, true, 1);
INSERT INTO Disciplina (IDdisciplina, Equipo, Individual, Num_Participantes_Equipo) VALUES ('Tenis de mesa individual', false, true, 1);
INSERT INTO Disciplina (IDdisciplina, Equipo, Individual, Num_Participantes_Equipo) VALUES ('Natación 100 metros libre', false, true, 1);
INSERT INTO Disciplina (IDdisciplina, Equipo, Individual, Num_Participantes_Equipo) VALUES ('Hockey sala', true, false, 11);
INSERT INTO Disciplina (IDdisciplina, Equipo, Individual, Num_Participantes_Equipo) VALUES ('Esgrima individual femenino', false, true, 1);
INSERT INTO Disciplina (IDdisciplina, Equipo, Individual, Num_Participantes_Equipo) VALUES ('Atletismo lanzamiento de DMLco', false, true, 1);
INSERT INTO Disciplina (IDdisciplina, Equipo, Individual, Num_Participantes_Equipo) VALUES ('Atletismo lanzamiento de martillo', false, true, 1);
INSERT INTO Disciplina (IDdisciplina, Equipo, Individual, Num_Participantes_Equipo) VALUES ('Ciclismo relevos en pista', true, false, 4);
INSERT INTO Disciplina (IDdisciplina, Equipo, Individual, Num_Participantes_Equipo) VALUES ('Ecuestre doma', false, true, 1);
INSERT INTO Disciplina (IDdisciplina, Equipo, Individual, Num_Participantes_Equipo) VALUES ('Natación 100 metros relevos', false, true, 2);
INSERT INTO Disciplina (IDdisciplina, Equipo, Individual, Num_Participantes_Equipo) VALUES ('Natación 100 metros pecho', false, true, 1);
INSERT INTO Disciplina (IDdisciplina, Equipo, Individual, Num_Participantes_Equipo) VALUES ('Atletismo 5000 metros varonil', false, true, 1);
INSERT INTO Disciplina (IDdisciplina, Equipo, Individual, Num_Participantes_Equipo) VALUES ('Skeleton', false, true, 1);
INSERT INTO Disciplina (IDdisciplina, Equipo, Individual, Num_Participantes_Equipo) VALUES ('Piragüismo slalom C-2 mixto', true, false, 3);
INSERT INTO Disciplina (IDdisciplina, Equipo, Individual, Num_Participantes_Equipo) VALUES ('Patinaje artístico individual', false, true, 1);
INSERT INTO Disciplina (IDdisciplina, Equipo, Individual, Num_Participantes_Equipo) VALUES ('Levantamiento de pesas +109 kg', false, true, 1);
INSERT INTO Disciplina (IDdisciplina, Equipo, Individual, Num_Participantes_Equipo) VALUES ('Tenis de mesa dobles', false, true, 2);
INSERT INTO Disciplina (IDdisciplina, Equipo, Individual, Num_Participantes_Equipo) VALUES ('Béisbol 3x3 femenino', true, false, 3);
INSERT INTO Disciplina (IDdisciplina, Equipo, Individual, Num_Participantes_Equipo) VALUES ('Tiro al plato skeet', false, true, 1);
INSERT INTO Disciplina (IDdisciplina, Equipo, Individual, Num_Participantes_Equipo) VALUES ('Taekwondo -57 kg', false, true, 1);
INSERT INTO Disciplina (IDdisciplina, Equipo, Individual, Num_Participantes_Equipo) VALUES ('Clavados sincronizados Plataforma', true, false, 2);
INSERT INTO Disciplina (IDdisciplina, Equipo, Individual, Num_Participantes_Equipo) VALUES ('Ciclismo en ruta', false, true, 1);
INSERT INTO Disciplina (IDdisciplina, Equipo, Individual, Num_Participantes_Equipo) VALUES ('Esquí alpino slalom Gigante', false, true, 1);
INSERT INTO Disciplina (IDdisciplina, Equipo, Individual, Num_Participantes_Equipo) VALUES ('Esquí de fondo 30 km', false, true, 1);
INSERT INTO Disciplina (IDdisciplina, Equipo, Individual, Num_Participantes_Equipo) VALUES ('Natación 10 km aguas abiertas', false, true, 1);
INSERT INTO Disciplina (IDdisciplina, Equipo, Individual, Num_Participantes_Equipo) VALUES ('Tiro con arco individual', false, true, 1);
INSERT INTO Disciplina (IDdisciplina, Equipo, Individual, Num_Participantes_Equipo) VALUES ('Atletismo lanzamiento de bala', false, true, 1);
INSERT INTO Disciplina (IDdisciplina, Equipo, Individual, Num_Participantes_Equipo) VALUES ('Natación relevos 4x200 libre', true, false, 4);
INSERT INTO Disciplina (IDdisciplina, Equipo, Individual, Num_Participantes_Equipo) VALUES ('Ciclismo en ruta Femenino', false, true, 1);
INSERT INTO Disciplina (IDdisciplina, Equipo, Individual, Num_Participantes_Equipo) VALUES ('Triatlón femenino', false, true, 1);
INSERT INTO Disciplina (IDdisciplina, Equipo, Individual, Num_Participantes_Equipo) VALUES ('Esgrima por equipos', true, false, 3);
INSERT INTO Disciplina (IDdisciplina, Equipo, Individual, Num_Participantes_Equipo) VALUES ('Skeleton Femenino', false, true, 1);
INSERT INTO Disciplina (IDdisciplina, Equipo, Individual, Num_Participantes_Equipo) VALUES ('Atletismo salto triple', false, true, 1);
INSERT INTO Disciplina (IDdisciplina, Equipo, Individual, Num_Participantes_Equipo) VALUES ('Tiro con arco mixto', true, false, 2);
INSERT INTO Disciplina (IDdisciplina, Equipo, Individual, Num_Participantes_Equipo) VALUES ('Tiro con arco masculino por equipos', true, false, 3);
INSERT INTO Disciplina (IDdisciplina, Equipo, Individual, Num_Participantes_Equipo) VALUES ('Esquí de fondo 15 km', false, true, 1);
INSERT INTO Disciplina (IDdisciplina, Equipo, Individual, Num_Participantes_Equipo) VALUES ('Luge dobles', true, false, 2);
INSERT INTO Disciplina (IDdisciplina, Equipo, Individual, Num_Participantes_Equipo) VALUES ('Balonmano', true, false, 7);
INSERT INTO Disciplina (IDdisciplina, Equipo, Individual, Num_Participantes_Equipo) VALUES ('Ciclismo montaña masculino', false, true, 1);
INSERT INTO Disciplina (IDdisciplina, Equipo, Individual, Num_Participantes_Equipo) VALUES ('Clavados sincronizados 20 metros', true, false, 2);
INSERT INTO Disciplina (IDdisciplina, Equipo, Individual, Num_Participantes_Equipo) VALUES ('Esquí alpino gigante', false, true, 1);
INSERT INTO Disciplina (IDdisciplina, Equipo, Individual, Num_Participantes_Equipo) VALUES ('Ciclismo en ruta Contrarreloj', false, true, 1);
INSERT INTO Disciplina (IDdisciplina, Equipo, Individual, Num_Participantes_Equipo) VALUES ('Esgrima con Sable Laser por equipos', true, false, 3);
INSERT INTO Disciplina (IDdisciplina, Equipo, Individual, Num_Participantes_Equipo) VALUES ('Judo peso mediano', false, true, 1);
INSERT INTO Disciplina (IDdisciplina, Equipo, Individual, Num_Participantes_Equipo) VALUES ('Levantamiento de pesas 102 kg', false, true, 1);
INSERT INTO Disciplina (IDdisciplina, Equipo, Individual, Num_Participantes_Equipo) VALUES ('Ecuestre doma 60x20', false, true, 1);
INSERT INTO Disciplina (IDdisciplina, Equipo, Individual, Num_Participantes_Equipo) VALUES ('Patinaje artístico por parejas mixto', true, false, 2);
INSERT INTO Disciplina (IDdisciplina, Equipo, Individual, Num_Participantes_Equipo) VALUES ('Tiro con arco individual Recorrido de bosque', false, true, 1);
INSERT INTO Disciplina (IDdisciplina, Equipo, Individual, Num_Participantes_Equipo) VALUES ('Boxeo peso pesado', false, true, 1);
INSERT INTO Disciplina (IDdisciplina, Equipo, Individual, Num_Participantes_Equipo) VALUES ('Curling', true, false, 4);
INSERT INTO Disciplina (IDdisciplina, Equipo, Individual, Num_Participantes_Equipo) VALUES ('Judo peso pesado', false, true, 1);
INSERT INTO Disciplina (IDdisciplina, Equipo, Individual, Num_Participantes_Equipo) VALUES ('Atletismo 10000 metros', false, true, 1);
INSERT INTO Disciplina (IDdisciplina, Equipo, Individual, Num_Participantes_Equipo) VALUES ('Ciclismo BMX', false, true, 1);
INSERT INTO Disciplina (IDdisciplina, Equipo, Individual, Num_Participantes_Equipo) VALUES ('Waterpolo', true, false, 7);
INSERT INTO Disciplina (IDdisciplina, Equipo, Individual, Num_Participantes_Equipo) VALUES ('Tiro con arco en equipo', true, false, 3);
INSERT INTO Disciplina (IDdisciplina, Equipo, Individual, Num_Participantes_Equipo) VALUES ('Lucha grecorromana peso mediano', false, true, 1);
INSERT INTO Disciplina (IDdisciplina, Equipo, Individual, Num_Participantes_Equipo) VALUES ('Ciclismo montaña femenino', false, true, 1);
INSERT INTO Disciplina (IDdisciplina, Equipo, Individual, Num_Participantes_Equipo) VALUES ('Esquí alpino descenso', false, true, 1);
INSERT INTO Disciplina (IDdisciplina, Equipo, Individual, Num_Participantes_Equipo) VALUES ('Boxeo peso ligero', false, true, 1);
INSERT INTO Disciplina (IDdisciplina, Equipo, Individual, Num_Participantes_Equipo) VALUES ('Taekwondo -49 kg', false, true, 1);
INSERT INTO Disciplina (IDdisciplina, Equipo, Individual, Num_Participantes_Equipo) VALUES ('Atletismo relevos 4x400', true, false, 4);
INSERT INTO Disciplina (IDdisciplina, Equipo, Individual, Num_Participantes_Equipo) VALUES ('Halterofilia -73 kg', false, true, 1);
INSERT INTO Disciplina (IDdisciplina, Equipo, Individual, Num_Participantes_Equipo) VALUES ('Voleibol playa 2 personas', true, false, 2);
INSERT INTO Disciplina (IDdisciplina, Equipo, Individual, Num_Participantes_Equipo) VALUES ('Natación 100 metros espalda', false, true, 1);
INSERT INTO Disciplina (IDdisciplina, Equipo, Individual, Num_Participantes_Equipo) VALUES ('Ciclismo equipo persecución mixto', true, false, 4);
INSERT INTO Disciplina (IDdisciplina, Equipo, Individual, Num_Participantes_Equipo) VALUES ('Natación 200 metros libre', false, true, 1);
INSERT INTO Disciplina (IDdisciplina, Equipo, Individual, Num_Participantes_Equipo) VALUES ('Tiro con arco Esquí', false, true, 1);
INSERT INTO Disciplina (IDdisciplina, Equipo, Individual, Num_Participantes_Equipo) VALUES ('Biatlón', false, true, 1);
INSERT INTO Disciplina (IDdisciplina, Equipo, Individual, Num_Participantes_Equipo) VALUES ('Karate kata mixto', false, true, 1);
INSERT INTO Disciplina (IDdisciplina, Equipo, Individual, Num_Participantes_Equipo) VALUES ('Natación 100 metros crol', false, true, 1);
INSERT INTO Disciplina (IDdisciplina, Equipo, Individual, Num_Participantes_Equipo) VALUES ('Natación 200 metros mariposa', false, true, 1);
INSERT INTO Disciplina (IDdisciplina, Equipo, Individual, Num_Participantes_Equipo) VALUES ('Waterpolo Femenino', true, false, 7);
INSERT INTO Disciplina (IDdisciplina, Equipo, Individual, Num_Participantes_Equipo) VALUES ('Ecuestre salto', false, true, 1);
INSERT INTO Disciplina (IDdisciplina, Equipo, Individual, Num_Participantes_Equipo) VALUES ('Lucha grecorromana peso pesado', false, true, 1);
INSERT INTO Disciplina (IDdisciplina, Equipo, Individual, Num_Participantes_Equipo) VALUES ('Bobsleigh 2 personas', true, false, 2);
INSERT INTO Disciplina (IDdisciplina, Equipo, Individual, Num_Participantes_Equipo) VALUES ('Atletismo heptatlón', false, true, 1);
INSERT INTO Disciplina (IDdisciplina, Equipo, Individual, Num_Participantes_Equipo) VALUES ('Atletismo 5000 metros mixto', false, true, 1);
INSERT INTO Disciplina (IDdisciplina, Equipo, Individual, Num_Participantes_Equipo) VALUES ('Skateboarding park', false, true, 1);
INSERT INTO Disciplina (IDdisciplina, Equipo, Individual, Num_Participantes_Equipo) VALUES ('Ecuestre salto Prueba de Derbi', false, true, 1);
INSERT INTO Disciplina (IDdisciplina, Equipo, Individual, Num_Participantes_Equipo) VALUES ('Esquí de fondo femenino relevos parejas', true, false, 2);
INSERT INTO Disciplina (IDdisciplina, Equipo, Individual, Num_Participantes_Equipo) VALUES ('Salto con Pértiga', false, true, 1);
INSERT INTO Disciplina (IDdisciplina, Equipo, Individual, Num_Participantes_Equipo) VALUES ('Boxeo peso pesado Femenino', false, true, 1);
INSERT INTO Disciplina (IDdisciplina, Equipo, Individual, Num_Participantes_Equipo) VALUES ('Natación 15 km aguas abiertas', false, true, 1);
INSERT INTO Disciplina (IDdisciplina, Equipo, Individual, Num_Participantes_Equipo) VALUES ('Esquí alpino slalom gigante', false, true, 1);

--PATROCINADORES
INSERT INTO Patrocinador (IDdisciplina, Patrocinador) VALUES ('Tiro con arco individual Recorrido de bosque', 'Oliver Queen');
INSERT INTO Patrocinador (IDdisciplina, Patrocinador) VALUES ('Natación 15 km aguas abiertas', 'BIMBO');
INSERT INTO Patrocinador (IDdisciplina, Patrocinador) VALUES ('Esgrima por equipos', 'Hotel Valhalla');
INSERT INTO Patrocinador (IDdisciplina, Patrocinador) VALUES ('Esgrima con Sable Laser por equipos', 'Palpatine');
INSERT INTO Patrocinador (IDdisciplina, Patrocinador) VALUES ('Ecuestre salto', 'Universidad Nueva Roma');
INSERT INTO Patrocinador (IDdisciplina, Patrocinador) VALUES ('Ciclismo en ruta Contrarreloj', 'Coca-Cola');
INSERT INTO Patrocinador (IDdisciplina, Patrocinador) VALUES ('Atletismo lanzamiento de DMLco', 'Decathlon');
INSERT INTO Patrocinador (IDdisciplina, Patrocinador) VALUES ('Gimnasia Artística', 'Caisse des Dépots et Consignations');
INSERT INTO Patrocinador (IDdisciplina, Patrocinador) VALUES ('Atletismo lanzamiento de DMLco', 'Bridgestone');
INSERT INTO Patrocinador (IDdisciplina, Patrocinador) VALUES ('Snowboard slopestyle', 'Procter & Gamble');
INSERT INTO Patrocinador (IDdisciplina, Patrocinador) VALUES ('Salto con Pértiga', 'New York Library');

--LOCALIDAD
INSERT INTO Localidad (Nombre_Localidad, Tipo_Localidad, Aforo, Ciudad, Numero, Pais, Calle) VALUES ('Bercy Arena', 'Recinto multiusos', '15000', 'París', '75012', 'Francia', 'Boulevard de Bercy');
INSERT INTO Localidad (Nombre_Localidad, Tipo_Localidad, Aforo, Ciudad, Numero, Pais, Calle) VALUES ('Champ de Mars Arena', 'Jardín', '8356', 'París', '75007', 'Francia', 'Allée Adrienne-Lecouvreur');
INSERT INTO Localidad (Nombre_Localidad, Tipo_Localidad, Aforo, Ciudad, Numero, Pais, Calle) VALUES ('Émile Anthoine Stadium', 'Estadio', '8356', 'París', '75007', 'Francia', 'Av. de Suffren');
INSERT INTO Localidad (Nombre_Localidad, Tipo_Localidad, Aforo, Ciudad, Numero, Pais, Calle) VALUES ('Stadie Roland Garros', 'Estadio', '14962', 'París', '75016', 'Francia', 'Av. Gordon Bennett');
INSERT INTO Localidad (Nombre_Localidad, Tipo_Localidad, Aforo, Ciudad, Numero, Pais, Calle) VALUES ('Grand Palais', 'Museo', '8000', 'París', '75008', 'Francia', 'Av. Winston Churchill');
INSERT INTO Localidad (Nombre_Localidad, Tipo_Localidad, Aforo, Ciudad, Numero, Pais, Calle) VALUES ('Hôtel de Ville', 'Plaza', '16000', 'París', '75004', 'Francia', 'Mairie de Paris');
INSERT INTO Localidad (Nombre_Localidad, Tipo_Localidad, Aforo, Ciudad, Numero, Pais, Calle) VALUES ('Invalides', 'Museo', '8000', 'París', '75007', 'Francia', 'Boulevard des Invalides');
INSERT INTO Localidad (Nombre_Localidad, Tipo_Localidad, Aforo, Ciudad, Numero, Pais, Calle) VALUES ('La Concorde', 'Plaza', '30000', 'París', '75008', 'Francia', 'Pl. de la Concorde');
INSERT INTO Localidad (Nombre_Localidad, Tipo_Localidad, Aforo, Ciudad, Numero, Pais, Calle) VALUES ('Le Parc des Princes', 'Parque', '47926', 'París', '75016', 'Francia', 'Rue du Commandant Guibaud');
INSERT INTO Localidad (Nombre_Localidad, Tipo_Localidad, Aforo, Ciudad, Numero, Pais, Calle) VALUES ('Pont Alexandre III', 'Puente', '7000', 'París', '75008', 'Francia', 'Pont Alexandre III');
INSERT INTO Localidad (Nombre_Localidad, Tipo_Localidad, Aforo, Ciudad, Numero, Pais, Calle) VALUES ('Porte de La Chapelle Arena', 'Sala', '7000', 'París', '75018', 'Francia', 'Boulevard Ney');
INSERT INTO Localidad (Nombre_Localidad, Tipo_Localidad, Aforo, Ciudad, Numero, Pais, Calle) VALUES ('Paris La Défense Arena', 'Estadio', '7800', 'París', '92000', 'Francia', 'Jard. de IArche');
INSERT INTO Localidad (Nombre_Localidad, Tipo_Localidad, Aforo, Ciudad, Numero, Pais, Calle) VALUES ('Trocadéro', 'Jardín', '13000', 'París', '75016', 'Francia', 'Pl. du Trocadéro');
INSERT INTO Localidad (Nombre_Localidad, Tipo_Localidad, Aforo, Ciudad, Numero, Pais, Calle) VALUES ('Centre aquatique olympique', 'Centro acuático', '5000', 'París', '93200', 'Francia', 'Av. du Président Wilson');
INSERT INTO Localidad (Nombre_Localidad, Tipo_Localidad, Aforo, Ciudad, Numero, Pais, Calle) VALUES ('Colline dÉlancourt', 'Colina', '15000', 'París', '98990', 'Francia', 'Élancourt');
INSERT INTO Localidad (Nombre_Localidad, Tipo_Localidad, Aforo, Ciudad, Numero, Pais, Calle) VALUES ('Stade de France', 'Estadio', '77083', 'París', '93200', 'Francia', 'Saint-Denis');
INSERT INTO Localidad (Nombre_Localidad, Tipo_Localidad, Aforo, Ciudad, Numero, Pais, Calle) VALUES ('Vaires-sur-Marne', 'Estadio náutico', '24000', 'París', '77360', 'Francia', 'Rte de Torcy');
INSERT INTO Localidad (Nombre_Localidad, Tipo_Localidad, Aforo, Ciudad, Numero, Pais, Calle) VALUES ('Yves-du-Manoir', 'Estadio multifuncional', '15000', 'París', '92700', 'Francia', 'Rue Francois Faber');
INSERT INTO Localidad (Nombre_Localidad, Tipo_Localidad, Aforo, Ciudad, Numero, Pais, Calle) VALUES ('Golf National', 'Campo', '12262', 'París', '78280', 'Francia', 'Guyancourt');
INSERT INTO Localidad (Nombre_Localidad, Tipo_Localidad, Aforo, Ciudad, Numero, Pais, Calle) VALUES ('Palacio de Versalles', 'Museo', '40000', 'París', '78000', 'Francia', 'Place dArmes');
INSERT INTO Localidad (Nombre_Localidad, Tipo_Localidad, Aforo, Ciudad, Numero, Pais, Calle) VALUES ('Saint-Quentin-en-Yveline', 'Velódromo', '5000', 'París', '78180', 'Francia', 'Rue Laurent Fignon');
insert into Localidad (Nombre_Localidad, Tipo_Localidad, Aforo, Ciudad, Numero, Pais, Calle) values ('Majestic Arena', 'Centro acuático', 2627, 'Jūrīsh', '225', 'Países Bajos', 'Continental');
insert into Localidad (Nombre_Localidad, Tipo_Localidad, Aforo, Ciudad, Numero, Pais, Calle) values ('Royal Stadium', 'Estadio', 8561, 'Hidalgo', '2', 'Rusia', 'Arkansas');
insert into Localidad (Nombre_Localidad, Tipo_Localidad, Aforo, Ciudad, Numero, Pais, Calle) values ('Tranquility Field', 'Puente', 4676, 'Ban Bang Kadi Pathum Thani', '7', 'Suecia', 'Forest Run');
insert into Localidad (Nombre_Localidad, Tipo_Localidad, Aforo, Ciudad, Numero, Pais, Calle) values ('Wildfire Stadium', 'Centro acuático', 8530, 'Troitskiy', '4949', 'Países Bajos', 'Briar Crest');
insert into Localidad (Nombre_Localidad, Tipo_Localidad, Aforo, Ciudad, Numero, Pais, Calle) values ('Starlight Arena', 'Estadio', 803, 'Bogatynia', '51', 'México', 'Kensington');
insert into Localidad (Nombre_Localidad, Tipo_Localidad, Aforo, Ciudad, Numero, Pais, Calle) values ('Wildfire Park', 'Velódromo', 1042, 'Mizhuang', '8586', 'Suiza.', 'Kedzie');
insert into Localidad (Nombre_Localidad, Tipo_Localidad, Aforo, Ciudad, Numero, Pais, Calle) values ('Patriot Arena', 'Estadio multifuncional', 991, 'Oele', '918', 'Australia', 'Tony');
insert into Localidad (Nombre_Localidad, Tipo_Localidad, Aforo, Ciudad, Numero, Pais, Calle) values ('Bliss Park', 'Estadio', 4392, 'Berlin', '5679', 'Finlandia', 'Annamark');
insert into Localidad (Nombre_Localidad, Tipo_Localidad, Aforo, Ciudad, Numero, Pais, Calle) values ('Wildfire Stadium', 'Campo', 9625, 'Kananya', '16', 'Alemania', 'Lindbergh');
insert into Localidad (Nombre_Localidad, Tipo_Localidad, Aforo, Ciudad, Numero, Pais, Calle) values ('Phoenix Park', 'Parque', 651, 'Nguigmi', '768', 'Italia', 'Meadow Vale');
insert into Localidad (Nombre_Localidad, Tipo_Localidad, Aforo, Ciudad, Numero, Pais, Calle) values ('Wildfire Stadium', 'Estadio náutico', 1406, 'Kantemirovka', '72313', 'Italia', 'Shopko');
insert into Localidad (Nombre_Localidad, Tipo_Localidad, Aforo, Ciudad, Numero, Pais, Calle) values ('Sunshine Park', 'Puente', 613, 'Parchowo', '976', 'Canadá', 'Prairie Rose');
insert into Localidad (Nombre_Localidad, Tipo_Localidad, Aforo, Ciudad, Numero, Pais, Calle) values ('Sunshine Park', 'Estadio', 5286, 'Taywanak Ilaya', '0', 'Suiza.', 'Mifflin');
insert into Localidad (Nombre_Localidad, Tipo_Localidad, Aforo, Ciudad, Numero, Pais, Calle) values ('Goldenrod Arena', 'Estadio multifuncional', 7054, 'Huanglong', '8', 'Grecia', 'Hooker');
insert into Localidad (Nombre_Localidad, Tipo_Localidad, Aforo, Ciudad, Numero, Pais, Calle) values ('Unity Park', 'Centro acuático', 5504, 'Nzega', '001', 'Alemania', 'Morrow');
insert into Localidad (Nombre_Localidad, Tipo_Localidad, Aforo, Ciudad, Numero, Pais, Calle) values ('Evergreen Park', 'Sala', 6240, 'Ilama', '2526', 'Finlandia', 'Kipling');
insert into Localidad (Nombre_Localidad, Tipo_Localidad, Aforo, Ciudad, Numero, Pais, Calle) values ('Sunshine Arena', 'Parque', 956, 'Podkamennaya Tunguska', '420', 'Italia', 'Hanover');
insert into Localidad (Nombre_Localidad, Tipo_Localidad, Aforo, Ciudad, Numero, Pais, Calle) values ('Dreamland Arena', 'Estadio multifuncional', 6521, 'Bojano', '71239', 'Países Bajos', 'Claremont');
insert into Localidad (Nombre_Localidad, Tipo_Localidad, Aforo, Ciudad, Numero, Pais, Calle) values ('Pinecrest Arena', 'Velódromo', 9234, 'Jandir', '082', 'Argentina', 'Union');
insert into Localidad (Nombre_Localidad, Tipo_Localidad, Aforo, Ciudad, Numero, Pais, Calle) values ('Thunderbird Stadium', 'Sala', 6464, 'Junyang', '156', 'Estados Unidos', 'Laurel');
insert into Localidad (Nombre_Localidad, Tipo_Localidad, Aforo, Ciudad, Numero, Pais, Calle) values ('Aurora Field', 'Recinto multiusos', 1828, 'Mrągowo', '356', 'Sudáfrica', 'Blue Bill Park');
insert into Localidad (Nombre_Localidad, Tipo_Localidad, Aforo, Ciudad, Numero, Pais, Calle) values ('Majestic Park', 'Jardín', 6693, 'Zhijin', '8011', 'China', 'Havey');
insert into Localidad (Nombre_Localidad, Tipo_Localidad, Aforo, Ciudad, Numero, Pais, Calle) values ('Dreamland Arena', 'Puente', 8165, 'Sumy', '3', 'Corea del Sur', 'Lukken');
insert into Localidad (Nombre_Localidad, Tipo_Localidad, Aforo, Ciudad, Numero, Pais, Calle) values ('Silverlake Stadium', 'Estadio', 669, 'Xiashan', '7', 'Rusia', 'Columbus');
insert into Localidad (Nombre_Localidad, Tipo_Localidad, Aforo, Ciudad, Numero, Pais, Calle) values ('Evergreen Park', 'Estadio', 5118, 'Kaoma', '42', 'Grecia', 'Cordelia');
insert into Localidad (Nombre_Localidad, Tipo_Localidad, Aforo, Ciudad, Numero, Pais, Calle) values ('Starlight Stadium', 'Parque', 3675, 'Ludza', '500', 'Suiza.', 'Lawn');
insert into Localidad (Nombre_Localidad, Tipo_Localidad, Aforo, Ciudad, Numero, Pais, Calle) values ('Ocean View Arena', 'Estadio náutico', 6855, 'Mechrá Belqsiri', '73', 'Finlandia', 'Elmside');
insert into Localidad (Nombre_Localidad, Tipo_Localidad, Aforo, Ciudad, Numero, Pais, Calle) values ('Sapphire Field', 'Recinto multiusos', 9734, 'Wanshi', '195', 'Corea del Sur', 'Scott');
insert into Localidad (Nombre_Localidad, Tipo_Localidad, Aforo, Ciudad, Numero, Pais, Calle) values ('Harmony Arena', 'Estadio', 6470, 'Yangji', '10', 'Finlandia', 'Farmco');
insert into Localidad (Nombre_Localidad, Tipo_Localidad, Aforo, Ciudad, Numero, Pais, Calle) values ('Phoenix Park', 'Centro acuático', 3849, 'Lanlongkou', '57', 'Finlandia', 'Center');
insert into Localidad (Nombre_Localidad, Tipo_Localidad, Aforo, Ciudad, Numero, Pais, Calle) values ('Royal Arena', 'Colina', 6123, 'Mingjiu', '64', 'Japón', 'Hayes');
insert into Localidad (Nombre_Localidad, Tipo_Localidad, Aforo, Ciudad, Numero, Pais, Calle) values ('Ocean Park', 'Jardín', 1277, 'Roza', '717', 'Suecia', 'Daystar');
insert into Localidad (Nombre_Localidad, Tipo_Localidad, Aforo, Ciudad, Numero, Pais, Calle) values ('Royal Arena', 'Sala', 4852, 'Los Guayos', '370', 'Argentina', 'Fair Oaks');
insert into Localidad (Nombre_Localidad, Tipo_Localidad, Aforo, Ciudad, Numero, Pais, Calle) values ('Legacy Park', 'Parque', 9445, 'Makata', '0', 'Suecia', 'Merrick');
insert into Localidad (Nombre_Localidad, Tipo_Localidad, Aforo, Ciudad, Numero, Pais, Calle) values ('Phoenix Park', 'Colina', 5147, 'San Sebastian', '929', 'Corea del Sur', 'Nelson');
insert into Localidad (Nombre_Localidad, Tipo_Localidad, Aforo, Ciudad, Numero, Pais, Calle) values ('Cascade Arena', 'Sala', 3397, 'Staritsa', '48', 'Canadá', 'Upham');
insert into Localidad (Nombre_Localidad, Tipo_Localidad, Aforo, Ciudad, Numero, Pais, Calle) values ('Dreamland Field', 'Colina', 8773, 'Krajan Demit', '9934', 'Alemania', 'Loomis');
insert into Localidad (Nombre_Localidad, Tipo_Localidad, Aforo, Ciudad, Numero, Pais, Calle) values ('Ocean View Arena', 'Jardín', 7231, 'Jovellanos', '60', 'México', 'Autumn Leaf');
insert into Localidad (Nombre_Localidad, Tipo_Localidad, Aforo, Ciudad, Numero, Pais, Calle) values ('Sunshine Arena', 'Estadio multifuncional', 7786, 'Sembakung', '951', 'Suecia', 'Riverside');
insert into Localidad (Nombre_Localidad, Tipo_Localidad, Aforo, Ciudad, Numero, Pais, Calle) values ('Crystal Field', 'Campo', 764, 'Kacangan Lor', '6365', 'Sudáfrica', 'Bluestem');
insert into Localidad (Nombre_Localidad, Tipo_Localidad, Aforo, Ciudad, Numero, Pais, Calle) values ('Ocean Park', 'Colina', 168, 'Greystones', '9031', 'Estados Unidos', 'North');
insert into Localidad (Nombre_Localidad, Tipo_Localidad, Aforo, Ciudad, Numero, Pais, Calle) values ('Bliss Park', 'Jardín', 2048, 'Kamigyō-ku', '2', 'Rusia', 'Linden');
insert into Localidad (Nombre_Localidad, Tipo_Localidad, Aforo, Ciudad, Numero, Pais, Calle) values ('Phoenix Park', 'Recinto multiusos', 9157, 'Berlín', '1', 'Francia', 'Larry');
insert into Localidad (Nombre_Localidad, Tipo_Localidad, Aforo, Ciudad, Numero, Pais, Calle) values ('Sapphire Field', 'Jardín', 1847, 'Qal‘ah-ye Shahr', '420', 'Alemania', 'Summit');
insert into Localidad (Nombre_Localidad, Tipo_Localidad, Aforo, Ciudad, Numero, Pais, Calle) values ('Victory Park', 'Jardín', 4912, 'Aba', '0968', 'Rusia', 'Sommers');
insert into Localidad (Nombre_Localidad, Tipo_Localidad, Aforo, Ciudad, Numero, Pais, Calle) values ('Majestic Park', 'Estadio náutico', 7818, 'Umanday Centro', '888', 'Países Bajos', 'Dixon');
insert into Localidad (Nombre_Localidad, Tipo_Localidad, Aforo, Ciudad, Numero, Pais, Calle) values ('Meadowview Stadium', 'Estadio multifuncional', 4676, 'Cabeço', '036', 'Australia', 'Farmco');
insert into Localidad (Nombre_Localidad, Tipo_Localidad, Aforo, Ciudad, Numero, Pais, Calle) values ('Crystal Park', 'Estadio náutico', 2661, 'Besançon', '4', 'Argentina', 'Lukken');
insert into Localidad (Nombre_Localidad, Tipo_Localidad, Aforo, Ciudad, Numero, Pais, Calle) values ('Silverlake Stadium', 'Centro acuático', 4258, 'Zdolbuniv', '3591', 'Francia', 'Redwing');
insert into Localidad (Nombre_Localidad, Tipo_Localidad, Aforo, Ciudad, Numero, Pais, Calle) values ('Legacy Park', 'Estadio multifuncional', 4291, 'Youxikou', '54', 'Japón', 'Starling');
insert into Localidad (Nombre_Localidad, Tipo_Localidad, Aforo, Ciudad, Numero, Pais, Calle) values ('Whispering Pines Arena', 'Puente', 4176, 'Katrineholm', '13', 'Francia', 'Northfield');
insert into Localidad (Nombre_Localidad, Tipo_Localidad, Aforo, Ciudad, Numero, Pais, Calle) values ('Unity Field', 'Velódromo', 5580, 'Utkivka', '196', 'México', 'Mccormick');
insert into Localidad (Nombre_Localidad, Tipo_Localidad, Aforo, Ciudad, Numero, Pais, Calle) values ('Sunshine Arena', 'Playa', 8908, 'Auas', '5', 'Francia', 'Dryden');
insert into Localidad (Nombre_Localidad, Tipo_Localidad, Aforo, Ciudad, Numero, Pais, Calle) values ('Victory Arena', 'Colina', 219, 'Boldumsaz', '78', 'Sudáfrica', 'Ludington');
insert into Localidad (Nombre_Localidad, Tipo_Localidad, Aforo, Ciudad, Numero, Pais, Calle) values ('Victory Arena', 'Estadio multifuncional', 5628, 'Tassin-la-Demi-Lune', '19', 'Alemania', 'Basil');
insert into Localidad (Nombre_Localidad, Tipo_Localidad, Aforo, Ciudad, Numero, Pais, Calle) values ('Sunshine Arena', 'Estadio multifuncional', 7952, 'Nangerang', '51809', 'Canadá', 'Orin');
insert into Localidad (Nombre_Localidad, Tipo_Localidad, Aforo, Ciudad, Numero, Pais, Calle) values ('Ocean Park', 'Estadio náutico', 1643, 'Ash Shaḩānīyah', '78', 'China', 'Burrows');
insert into Localidad (Nombre_Localidad, Tipo_Localidad, Aforo, Ciudad, Numero, Pais, Calle) values ('Aurora Field', 'Estadio', 6858, 'Chernyanka', '7432', 'México', 'Dryden');
insert into Localidad (Nombre_Localidad, Tipo_Localidad, Aforo, Ciudad, Numero, Pais, Calle) values ('Liberty Field', 'Estadio', 1480, 'Los Angeles', '1', 'Corea del Sur', 'Kings');
insert into Localidad (Nombre_Localidad, Tipo_Localidad, Aforo, Ciudad, Numero, Pais, Calle) values ('Dreamland Arena', 'Centro acuático', 5947, 'Hyesan-dong', '37940', 'Grecia', 'Village Green');
insert into Localidad (Nombre_Localidad, Tipo_Localidad, Aforo, Ciudad, Numero, Pais, Calle) values ('Legacy Park', 'Estadio náutico', 1860, 'Gimo', '2', 'Canadá', 'Grover');
insert into Localidad (Nombre_Localidad, Tipo_Localidad, Aforo, Ciudad, Numero, Pais, Calle) values ('Royal Arena', 'Sala', 508, 'Zaliznychne', '441', 'Grecia', '8th');
insert into Localidad (Nombre_Localidad, Tipo_Localidad, Aforo, Ciudad, Numero, Pais, Calle) values ('Dreamland Field', 'Jardín', 3348, 'Světlá nad Sázavou', '0594', 'Italia', 'Corben');
insert into Localidad (Nombre_Localidad, Tipo_Localidad, Aforo, Ciudad, Numero, Pais, Calle) values ('Aurora Arena', 'Estadio multifuncional', 9803, 'Catujal Velho', '577', 'Grecia', 'Brentwood');
insert into Localidad (Nombre_Localidad, Tipo_Localidad, Aforo, Ciudad, Numero, Pais, Calle) values ('Phoenix Park', 'Velódromo', 6843, 'Ô Môn', '984', 'Brasil', 'Judy');
insert into Localidad (Nombre_Localidad, Tipo_Localidad, Aforo, Ciudad, Numero, Pais, Calle) values ('Sapphire Field', 'Sala', 5135, 'Vinež', '3', 'Francia', 'Hanover');
insert into Localidad (Nombre_Localidad, Tipo_Localidad, Aforo, Ciudad, Numero, Pais, Calle) values ('Silverlake Stadium', 'Estadio náutico', 8962, 'Borås', '27', 'Corea del Sur', 'Hagan');
insert into Localidad (Nombre_Localidad, Tipo_Localidad, Aforo, Ciudad, Numero, Pais, Calle) values ('Majestic Arena', 'Sala', 7071, 'Straldzha', '39', 'Suecia', 'Barnett');
insert into Localidad (Nombre_Localidad, Tipo_Localidad, Aforo, Ciudad, Numero, Pais, Calle) values ('Royal Arena', 'Recinto multiusos', 4065, 'San Nicolas', '527', 'Grecia', 'Tomscot');
insert into Localidad (Nombre_Localidad, Tipo_Localidad, Aforo, Ciudad, Numero, Pais, Calle) values ('Victory Arena', 'Playa', 7297, 'Cumming', '593', 'España', 'Mifflin');
insert into Localidad (Nombre_Localidad, Tipo_Localidad, Aforo, Ciudad, Numero, Pais, Calle) values ('Majestic Park', 'Estadio multifuncional', 3482, 'Macapo', '2', 'México', 'Independence');
insert into Localidad (Nombre_Localidad, Tipo_Localidad, Aforo, Ciudad, Numero, Pais, Calle) values ('Phoenix Park', 'Playa', 9842, 'Paris 01', '168', 'China', 'Village');
insert into Localidad (Nombre_Localidad, Tipo_Localidad, Aforo, Ciudad, Numero, Pais, Calle) values ('Pinecrest Field', 'Jardín', 9686, 'Shimodate', '7172', 'Francia', 'Kropf');
insert into Localidad (Nombre_Localidad, Tipo_Localidad, Aforo, Ciudad, Numero, Pais, Calle) values ('Dreamland Arena', 'Centro acuático', 2577, 'Huomachong', '3013', 'Brasil', 'Hallows');
insert into Localidad (Nombre_Localidad, Tipo_Localidad, Aforo, Ciudad, Numero, Pais, Calle) values ('Meadowview Stadium', 'Playa', 1598, 'Konëvo', '46', 'Rusia', 'Sloan');
insert into Localidad (Nombre_Localidad, Tipo_Localidad, Aforo, Ciudad, Numero, Pais, Calle) values ('Sunshine Arena', 'Estadio', 5713, 'Kubangeceng', '990', 'Rusia', 'Coleman');
insert into Localidad (Nombre_Localidad, Tipo_Localidad, Aforo, Ciudad, Numero, Pais, Calle) values ('Liberty Field', 'Plaza', 2136, 'Huaicheng', '0', 'Finlandia', 'Kingsford');
insert into Localidad (Nombre_Localidad, Tipo_Localidad, Aforo, Ciudad, Numero, Pais, Calle) values ('Liberty Stadium', 'Estadio', 3224, 'Nan’an', '8', 'Japón', 'Emmet');
insert into Localidad (Nombre_Localidad, Tipo_Localidad, Aforo, Ciudad, Numero, Pais, Calle) values ('Unity Park', 'Recinto multiusos', 2484, 'Hamm', '89', 'Francia', '5th');
insert into Localidad (Nombre_Localidad, Tipo_Localidad, Aforo, Ciudad, Numero, Pais, Calle) values ('Patriot Arena', 'Centro acuático', 186, 'Donglu', '3195', 'España', 'Badeau');
insert into Localidad (Nombre_Localidad, Tipo_Localidad, Aforo, Ciudad, Numero, Pais, Calle) values ('Unity Field', 'Playa', 4357, 'Capitão Poço', '96', 'Finlandia', 'Elmside');
insert into Localidad (Nombre_Localidad, Tipo_Localidad, Aforo, Ciudad, Numero, Pais, Calle) values ('Starlight Arena', 'Playa', 2242, 'Koupéla', '71', 'Suiza.', 'Starling');
insert into Localidad (Nombre_Localidad, Tipo_Localidad, Aforo, Ciudad, Numero, Pais, Calle) values ('Eagle Arena', 'Estadio', 6701, 'Santa Cruz do Bispo', '6', 'Finlandia', 'Paget');
insert into Localidad (Nombre_Localidad, Tipo_Localidad, Aforo, Ciudad, Numero, Pais, Calle) values ('Harmony Arena', 'Recinto multiusos', 4834, 'Youdian', '7709', 'Japón', 'Lyons');
insert into Localidad (Nombre_Localidad, Tipo_Localidad, Aforo, Ciudad, Numero, Pais, Calle) values ('Goldenrod Field', 'Parque', 3635, 'Sorren Daya', '848', 'Brasil', 'Buena Vista');
insert into Localidad (Nombre_Localidad, Tipo_Localidad, Aforo, Ciudad, Numero, Pais, Calle) values ('Crystal Park', 'Sala', 7039, 'Unaizah', '483', 'Corea del Sur', 'Little Fleur');
insert into Localidad (Nombre_Localidad, Tipo_Localidad, Aforo, Ciudad, Numero, Pais, Calle) values ('Whispering Pines Arena', 'Sala', 7163, 'Delod Pangkung', '78031', 'Países Bajos', 'Nelson');
insert into Localidad (Nombre_Localidad, Tipo_Localidad, Aforo, Ciudad, Numero, Pais, Calle) values ('Emerald Park', 'Estadio multifuncional', 8268, 'Viso', '736', 'Finlandia', 'Jana');
insert into Localidad (Nombre_Localidad, Tipo_Localidad, Aforo, Ciudad, Numero, Pais, Calle) values ('Starlight Stadium', 'Estadio náutico', 9820, 'Zakan-Yurt', '71', 'Suecia', 'Haas');
insert into Localidad (Nombre_Localidad, Tipo_Localidad, Aforo, Ciudad, Numero, Pais, Calle) values ('Ocean Park', 'Centro acuático', 6251, 'Jonkowo', '8', 'Francia', 'Roxbury');
insert into Localidad (Nombre_Localidad, Tipo_Localidad, Aforo, Ciudad, Numero, Pais, Calle) values ('Majestic Park', 'Jardín', 6688, 'Mieścisko', '1395', 'Australia', 'Thompson');
insert into Localidad (Nombre_Localidad, Tipo_Localidad, Aforo, Ciudad, Numero, Pais, Calle) values ('Dreamland Field', 'Sala', 356, 'Campina Grande do Sul', '8755', 'Países Bajos', 'Tony');
insert into Localidad (Nombre_Localidad, Tipo_Localidad, Aforo, Ciudad, Numero, Pais, Calle) values ('Cascade Field', 'Recinto multiusos', 6159, 'Huyunxiang', '849', 'Canadá', 'Cardinal');
insert into Localidad (Nombre_Localidad, Tipo_Localidad, Aforo, Ciudad, Numero, Pais, Calle) values ('Crystal Field', 'Velódromo', 3123, 'Hanamaki', '781', 'Suiza.', 'Waubesa');
insert into Localidad (Nombre_Localidad, Tipo_Localidad, Aforo, Ciudad, Numero, Pais, Calle) values ('Silverlake Field', 'Puente', 5932, 'Rezovac', '509', 'Canadá', 'Hazelcrest');
insert into Localidad (Nombre_Localidad, Tipo_Localidad, Aforo, Ciudad, Numero, Pais, Calle) values ('Evergreen Park', 'Plaza', 7193, 'Yong’an', '82', 'España', 'Ludington');
insert into Localidad (Nombre_Localidad, Tipo_Localidad, Aforo, Ciudad, Numero, Pais, Calle) values ('Royal Stadium', 'Plaza', 8479, 'Tanalt', '1414', 'Sudáfrica', 'Carioca');
insert into Localidad (Nombre_Localidad, Tipo_Localidad, Aforo, Ciudad, Numero, Pais, Calle) values ('Goldenrod Field', 'Plaza', 4392, 'Tataouine', '91', 'Finlandia', 'Twin Pines');
insert into Localidad (Nombre_Localidad, Tipo_Localidad, Aforo, Ciudad, Numero, Pais, Calle) values ('Harmony Arena', 'Campo', 8509, 'Omuo-Ekiti', '36', 'Estados Unidos', 'Hoard');
insert into Localidad (Nombre_Localidad, Tipo_Localidad, Aforo, Ciudad, Numero, Pais, Calle) values ('Victory Arena', 'Velódromo', 7438, 'Moville', '921', 'Suecia', 'Aberg');
insert into Localidad (Nombre_Localidad, Tipo_Localidad, Aforo, Ciudad, Numero, Pais, Calle) values ('Dreamland Field', 'Jardín', 4528, 'Kalapagada', '06', 'Alemania', 'Maywood');
insert into Localidad (Nombre_Localidad, Tipo_Localidad, Aforo, Ciudad, Numero, Pais, Calle) values ('Phoenix Park', 'Sala', 3666, 'Sa Kaeo', '67073', 'Argentina', 'Bashford');
insert into Localidad (Nombre_Localidad, Tipo_Localidad, Aforo, Ciudad, Numero, Pais, Calle) values ('Victory Arena', 'Playa', 8367, 'San Cosme y Damián', '64835', 'Finlandia', 'Evergreen');
insert into Localidad (Nombre_Localidad, Tipo_Localidad, Aforo, Ciudad, Numero, Pais, Calle) values ('Pinecrest Arena', 'Puente', 2689, 'Kuleqi', '6', 'Reino Unido', 'Pine View');
insert into Localidad (Nombre_Localidad, Tipo_Localidad, Aforo, Ciudad, Numero, Pais, Calle) values ('Goldenrod Field', 'Plaza', 6577, 'Las Minas', '1', 'Grecia', 'Esch');
insert into Localidad (Nombre_Localidad, Tipo_Localidad, Aforo, Ciudad, Numero, Pais, Calle) values ('Sapphire Field', 'Parque', 9834, 'Arevshat', '6', 'Finlandia', 'Longview');
insert into Localidad (Nombre_Localidad, Tipo_Localidad, Aforo, Ciudad, Numero, Pais, Calle) values ('Wildfire Park', 'Playa', 6674, 'Mundri', '5', 'China', 'Acker');
insert into Localidad (Nombre_Localidad, Tipo_Localidad, Aforo, Ciudad, Numero, Pais, Calle) values ('Starlight Stadium', 'Centro acuático', 3924, 'Arujá', '08087', 'Alemania', 'Logan');
insert into Localidad (Nombre_Localidad, Tipo_Localidad, Aforo, Ciudad, Numero, Pais, Calle) values ('Cascade Field', 'Jardín', 1323, 'Nazaré', '6078', 'Canadá', 'Crownhardt');
insert into Localidad (Nombre_Localidad, Tipo_Localidad, Aforo, Ciudad, Numero, Pais, Calle) values ('Tranquility Field', 'Parque', 7350, 'Borås', '4781', 'Estados Unidos', 'Gateway');
insert into Localidad (Nombre_Localidad, Tipo_Localidad, Aforo, Ciudad, Numero, Pais, Calle) values ('Evergreen Stadium', 'Recinto multiusos', 3729, 'Kotauneng', '49', 'Finlandia', 'Derek');
insert into Localidad (Nombre_Localidad, Tipo_Localidad, Aforo, Ciudad, Numero, Pais, Calle) values ('Sunshine Arena', 'Jardín', 4361, 'Castañas', '3517', 'Canadá', 'Loomis');
insert into Localidad (Nombre_Localidad, Tipo_Localidad, Aforo, Ciudad, Numero, Pais, Calle) values ('Dreamland Field', 'Estadio', 9123, 'Działdowo', '092', 'Finlandia', 'Waubesa');
insert into Localidad (Nombre_Localidad, Tipo_Localidad, Aforo, Ciudad, Numero, Pais, Calle) values ('Bliss Park', 'Centro acuático', 4524, 'Trstenik', '508', 'Grecia', 'Sundown');
insert into Localidad (Nombre_Localidad, Tipo_Localidad, Aforo, Ciudad, Numero, Pais, Calle) values ('Thunderbird Stadium', 'Recinto multiusos', 7575, 'Zhangfang', '655', 'Grecia', 'Michigan');
insert into Localidad (Nombre_Localidad, Tipo_Localidad, Aforo, Ciudad, Numero, Pais, Calle) values ('Starlight Arena', 'Estadio', 7156, 'San Miguel', '3', 'Finlandia', 'Darwin');
insert into Localidad (Nombre_Localidad, Tipo_Localidad, Aforo, Ciudad, Numero, Pais, Calle) values ('Victory Arena', 'Recinto multiusos', 2221, 'Shangju', '371', 'Países Bajos', 'Shoshone');
insert into Localidad (Nombre_Localidad, Tipo_Localidad, Aforo, Ciudad, Numero, Pais, Calle) values ('Starlight Stadium', 'Estadio', 3586, 'Aghajari', '87', 'Países Bajos', 'Mockingbird');
insert into Localidad (Nombre_Localidad, Tipo_Localidad, Aforo, Ciudad, Numero, Pais, Calle) values ('Crystal Park', 'Sala', 4182, 'Pangtangis Dajah', '9', 'Corea del Sur', 'Hollow Ridge');
insert into Localidad (Nombre_Localidad, Tipo_Localidad, Aforo, Ciudad, Numero, Pais, Calle) values ('Thunderbird Stadium', 'Sala', 444, 'Tysmenychany', '67233', 'Suecia', 'Fairview');
insert into Localidad (Nombre_Localidad, Tipo_Localidad, Aforo, Ciudad, Numero, Pais, Calle) values ('Meadowview Stadium', 'Estadio náutico', 7730, 'Zielonki', '76', 'Argentina', 'Quincy');
insert into Localidad (Nombre_Localidad, Tipo_Localidad, Aforo, Ciudad, Numero, Pais, Calle) values ('Goldenrod Field', 'Estadio náutico', 4531, 'Xiashan', '96', 'Suiza.', 'Tennyson');
insert into Localidad (Nombre_Localidad, Tipo_Localidad, Aforo, Ciudad, Numero, Pais, Calle) values ('Silver Star Stadium', 'Campo', 8342, 'San Isidro', '88639', 'Sudáfrica', '7th');
insert into Localidad (Nombre_Localidad, Tipo_Localidad, Aforo, Ciudad, Numero, Pais, Calle) values ('Unity Park', 'Sala', 821, 'Polje', '5', 'Estados Unidos', 'Forest Dale');
insert into Localidad (Nombre_Localidad, Tipo_Localidad, Aforo, Ciudad, Numero, Pais, Calle) values ('Legacy Park', 'Playa', 1111, 'Hénin-Beaumont', '54', 'Suiza.', 'Kropf');
insert into Localidad (Nombre_Localidad, Tipo_Localidad, Aforo, Ciudad, Numero, Pais, Calle) values ('Liberty Field', 'Parque', 3169, 'Jadów', '5727', 'Finlandia', 'Bunker Hill');
insert into Localidad (Nombre_Localidad, Tipo_Localidad, Aforo, Ciudad, Numero, Pais, Calle) values ('Meadowview Stadium', 'Campo', 2387, 'Cipatujah', '60', 'Brasil', 'Little Fleur');
insert into Localidad (Nombre_Localidad, Tipo_Localidad, Aforo, Ciudad, Numero, Pais, Calle) values ('Whispering Pines Arena', 'Estadio', 1593, 'Konde', '6', 'Japón', 'Helena');
insert into Localidad (Nombre_Localidad, Tipo_Localidad, Aforo, Ciudad, Numero, Pais, Calle) values ('Pinecrest Arena', 'Colina', 7623, 'Kudirkos Naumiestis', '78', 'Australia', 'Lerdahl');
insert into Localidad (Nombre_Localidad, Tipo_Localidad, Aforo, Ciudad, Numero, Pais, Calle) values ('Legacy Park', 'Jardín', 5454, 'Oehaunu', '75', 'Suecia', 'Ohio');
insert into Localidad (Nombre_Localidad, Tipo_Localidad, Aforo, Ciudad, Numero, Pais, Calle) values ('Phoenix Field', 'Puente', 326, 'Kalmar', '52596', 'Argentina', 'Summit');
insert into Localidad (Nombre_Localidad, Tipo_Localidad, Aforo, Ciudad, Numero, Pais, Calle) values ('Majestic Arena', 'Colina', 3000, 'Sanok', '22876', 'Argentina', 'Comanche');
insert into Localidad (Nombre_Localidad, Tipo_Localidad, Aforo, Ciudad, Numero, Pais, Calle) values ('Dreamland Arena', 'Campo', 3729, 'Pulautemiang', '73', 'Estados Unidos', 'Hayes');
insert into Localidad (Nombre_Localidad, Tipo_Localidad, Aforo, Ciudad, Numero, Pais, Calle) values ('Legacy Park', 'Estadio náutico', 179, 'Jasaan', '21382', 'Estados Unidos', 'Maple');
insert into Localidad (Nombre_Localidad, Tipo_Localidad, Aforo, Ciudad, Numero, Pais, Calle) values ('Liberty Field', 'Estadio', 7205, 'Aozai', '83850', 'Corea del Sur', 'Anhalt');
insert into Localidad (Nombre_Localidad, Tipo_Localidad, Aforo, Ciudad, Numero, Pais, Calle) values ('Wildfire Stadium', 'Estadio náutico', 7439, 'Galátsi', '969', 'Reino Unido', 'Waywood');
insert into Localidad (Nombre_Localidad, Tipo_Localidad, Aforo, Ciudad, Numero, Pais, Calle) values ('Ocean Park', 'Plaza', 6605, 'Bordeaux', '6917', 'Reino Unido', 'Manitowish');
insert into Localidad (Nombre_Localidad, Tipo_Localidad, Aforo, Ciudad, Numero, Pais, Calle) values ('Victory Park', 'Campo', 9593, 'Barubandung', '133', 'Suecia', 'Hintze');
insert into Localidad (Nombre_Localidad, Tipo_Localidad, Aforo, Ciudad, Numero, Pais, Calle) values ('Meadowview Field', 'Jardín', 5723, 'Verin Artashat', '9981', 'México', 'Holmberg');
insert into Localidad (Nombre_Localidad, Tipo_Localidad, Aforo, Ciudad, Numero, Pais, Calle) values ('Rainbow Park', 'Jardín', 1634, 'Nawal', '74', 'Alemania', 'David');
insert into Localidad (Nombre_Localidad, Tipo_Localidad, Aforo, Ciudad, Numero, Pais, Calle) values ('Ocean View Arena', 'Estadio náutico', 6741, 'Radišići', '60', 'Canadá', 'Schiller');
insert into Localidad (Nombre_Localidad, Tipo_Localidad, Aforo, Ciudad, Numero, Pais, Calle) values ('Royal Stadium', 'Parque', 9410, 'Khudāydād Khēl', '8391', 'España', 'Merchant');
insert into Localidad (Nombre_Localidad, Tipo_Localidad, Aforo, Ciudad, Numero, Pais, Calle) values ('Dreamland Arena', 'Colina', 9190, 'Bent Jbaïl', '99', 'México', 'Morning');
insert into Localidad (Nombre_Localidad, Tipo_Localidad, Aforo, Ciudad, Numero, Pais, Calle) values ('Phoenix Field', 'Parque', 9492, 'Sơn Tây', '8027', 'Argentina', 'Haas');
insert into Localidad (Nombre_Localidad, Tipo_Localidad, Aforo, Ciudad, Numero, Pais, Calle) values ('Phoenix Park', 'Estadio', 4428, 'Jurangjero', '6311', 'Rusia', 'Novick');
insert into Localidad (Nombre_Localidad, Tipo_Localidad, Aforo, Ciudad, Numero, Pais, Calle) values ('Majestic Arena', 'Centro acuático', 750, 'Hejiayan', '3412', 'España', 'La Follette');
insert into Localidad (Nombre_Localidad, Tipo_Localidad, Aforo, Ciudad, Numero, Pais, Calle) values ('Cascade Arena', 'Colina', 8149, 'København', '9131', 'Brasil', 'Anderson');
insert into Localidad (Nombre_Localidad, Tipo_Localidad, Aforo, Ciudad, Numero, Pais, Calle) values ('Evergreen Stadium', 'Estadio multifuncional', 941, 'Boa Esperança', '48', 'Argentina', 'Dwight');
insert into Localidad (Nombre_Localidad, Tipo_Localidad, Aforo, Ciudad, Numero, Pais, Calle) values ('Crystal Park', 'Estadio náutico', 4421, 'Carromeu', '57969', 'México', 'Veith');
insert into Localidad (Nombre_Localidad, Tipo_Localidad, Aforo, Ciudad, Numero, Pais, Calle) values ('Goldenrod Arena', 'Puente', 245, 'Alqueva', '89', 'Suecia', 'Fuller');

--EVENTO
INSERT INTO Evento (IDdisciplina, Fase, Precio, Fecha, Hora_Inicio, Hora_Fin, Entradas_Vendidas) VALUES ('Lucha libre peso pesado', 'Finales', 9958.35, '2021-06-03', '14:30', '17:00', 3569);
insert into Evento (IDdisciplina, Fase, Precio, Fecha, Hora_Inicio, Hora_Fin, Entradas_Vendidas) values ('Atletismo 800 metros femenil', 'Eliminatorias', 7995.56, '2021-12-30', '13:40', '16:40', 1040);
insert into Evento (IDdisciplina, Fase, Precio, Fecha, Hora_Inicio, Hora_Fin, Entradas_Vendidas) values ('Atletismo 400 metros', 'Clasificatoria', 3798.17, '2021-07-25', '13:40', '15:10', 175);
insert into Evento (IDdisciplina, Fase, Precio, Fecha, Hora_Inicio, Hora_Fin, Entradas_Vendidas) values ('Pentatlón femenino', 'Eliminatorias', 11452.34, '2020-11-11', '15:20', '17:20', 8963);
insert into Evento (IDdisciplina, Fase, Precio, Fecha, Hora_Inicio, Hora_Fin, Entradas_Vendidas) values ('Natación 10 km aguas abiertas', 'Finales', 8712.32, '2021-05-10', '13:40', '15:00', 6543);
insert into Evento (IDdisciplina, Fase, Precio, Fecha, Hora_Inicio, Hora_Fin, Entradas_Vendidas) values ('Atletismo 800 metros femenil', 'Prueba', 2236.75, '2023-05-23', '14:30', '18:33', 8291);
insert into Evento (IDdisciplina, Fase, Precio, Fecha, Hora_Inicio, Hora_Fin, Entradas_Vendidas) values ('Ciclismo montaña', 'Preliminares', 6249.54, '2024-07-02', '17:07', '17:26', 7551);
insert into Evento (IDdisciplina, Fase, Precio, Fecha, Hora_Inicio, Hora_Fin, Entradas_Vendidas) values ('Natación relevos 4x100 combinado', 'Prueba', 8134.09, '2020-06-22', '17:18', '19:18', 4908);
insert into Evento (IDdisciplina, Fase, Precio, Fecha, Hora_Inicio, Hora_Fin, Entradas_Vendidas) values ('Esgrima con Sable Laser por equipos', 'Preliminares', 1513.84, '2023-02-02', '12:16', '18:19', 8705);
insert into Evento (IDdisciplina, Fase, Precio, Fecha, Hora_Inicio, Hora_Fin, Entradas_Vendidas) values ('Esquí alpino slalom', 'Prueba', 5330.43, '2020-09-28', '11:41', '14:31', 420);
insert into Evento (IDdisciplina, Fase, Precio, Fecha, Hora_Inicio, Hora_Fin, Entradas_Vendidas) values ('Voleibol en equipo', 'Clasificatoria', 15148.95, '2020-10-10', '12:56', '16:01', 1125);
insert into Evento (IDdisciplina, Fase, Precio, Fecha, Hora_Inicio, Hora_Fin, Entradas_Vendidas) values ('Natación relevos 4x100 combinado', 'Preliminares', 11353.67, '2022-11-05', '17:19', '19:06', 7130);
insert into Evento (IDdisciplina, Fase, Precio, Fecha, Hora_Inicio, Hora_Fin, Entradas_Vendidas) values ('Gimnasia trampolín', 'Eliminatorias', 15497.29, '2022-08-07', '15:58', '17:20', 9283);
insert into Evento (IDdisciplina, Fase, Precio, Fecha, Hora_Inicio, Hora_Fin, Entradas_Vendidas) values ('Ciclismo en ruta Femenino', 'Semifinales', 5713.79, '2023-10-30', '11:52', '14:16', 4276);
insert into Evento (IDdisciplina, Fase, Precio, Fecha, Hora_Inicio, Hora_Fin, Entradas_Vendidas) values ('Gimnasia trampolín', 'Preliminares', 1474.84, '2023-07-04', '16:48', '18:31', 9592);
insert into Evento (IDdisciplina, Fase, Precio, Fecha, Hora_Inicio, Hora_Fin, Entradas_Vendidas) values ('Pentatlón femenino', 'Finales', 18267.41, '2022-02-15', '16:45', '18:43', 6074);
insert into Evento (IDdisciplina, Fase, Precio, Fecha, Hora_Inicio, Hora_Fin, Entradas_Vendidas) values ('Atletismo lanzamiento de bala', 'Preliminares', 3188.69, '2022-10-03', '10:09', '18:19', 220);
insert into Evento (IDdisciplina, Fase, Precio, Fecha, Hora_Inicio, Hora_Fin, Entradas_Vendidas) values ('Ciclismo en ruta', 'Semifinales', 6556.19, '2022-08-06', '11:51', '17:16', 1949);
insert into Evento (IDdisciplina, Fase, Precio, Fecha, Hora_Inicio, Hora_Fin, Entradas_Vendidas) values ('Natación relevos 4x200 libre', 'Prueba', 3494.39, '2020-01-23', '17:39', '19:33', 7034);
insert into Evento (IDdisciplina, Fase, Precio, Fecha, Hora_Inicio, Hora_Fin, Entradas_Vendidas) values ('Patinaje artístico individual', 'Semifinales', 15197.42, '2021-06-15', '13:54', '18:29', 5782);
insert into Evento (IDdisciplina, Fase, Precio, Fecha, Hora_Inicio, Hora_Fin, Entradas_Vendidas) values ('Atletismo 5000 metros varonil', 'Preliminares', 10158.74, '2022-12-18', '13:52', '15:15', 8492);
insert into Evento (IDdisciplina, Fase, Precio, Fecha, Hora_Inicio, Hora_Fin, Entradas_Vendidas) values ('Natación 1500 metros libre', 'Finales', 14177.52, '2020-07-15', '16:17', '17:17', 2689);
insert into Evento (IDdisciplina, Fase, Precio, Fecha, Hora_Inicio, Hora_Fin, Entradas_Vendidas) values ('Tiro con arco en equipo mixto', 'Prueba', 12332.49, '2023-02-04', '13:48', '17:27', 4767);
insert into Evento (IDdisciplina, Fase, Precio, Fecha, Hora_Inicio, Hora_Fin, Entradas_Vendidas) values ('Bádminton dobles', 'Preliminares', 9019.21, '2022-04-24', '10:35', '16:34', 3153);
insert into Evento (IDdisciplina, Fase, Precio, Fecha, Hora_Inicio, Hora_Fin, Entradas_Vendidas) values ('Tiro skeet femenino', 'Semifinales', 18237.98, '2022-09-03', '17:49', '18:28', 8414);
insert into Evento (IDdisciplina, Fase, Precio, Fecha, Hora_Inicio, Hora_Fin, Entradas_Vendidas) values ('Atletismo lanzamiento de bala', 'Semifinales', 17533.04, '2020-03-21', '16:48', '17:10', 6579);
insert into Evento (IDdisciplina, Fase, Precio, Fecha, Hora_Inicio, Hora_Fin, Entradas_Vendidas) values ('Tiro con arco masculino por equipos', 'Clasificatoria', 11908.48, '2023-01-17', '15:13', '19:30', 865);
insert into Evento (IDdisciplina, Fase, Precio, Fecha, Hora_Inicio, Hora_Fin, Entradas_Vendidas) values ('Tiro con arco individual', 'Semifinales', 17216.24, '2020-09-02', '13:52', '18:28', 6737);
insert into Evento (IDdisciplina, Fase, Precio, Fecha, Hora_Inicio, Hora_Fin, Entradas_Vendidas) values ('Clavados sincronizados 10 metros', 'Finales', 4497.43, '2024-05-03', '13:02', '16:56', 2984);
insert into Evento (IDdisciplina, Fase, Precio, Fecha, Hora_Inicio, Hora_Fin, Entradas_Vendidas) values ('Voleibol en equipo', 'Preliminares', 2633.47, '2021-08-13', '13:45', '19:24', 7062);
insert into Evento (IDdisciplina, Fase, Precio, Fecha, Hora_Inicio, Hora_Fin, Entradas_Vendidas) values ('Taekwondo -57 kg', 'Finales', 1079.11, '2023-12-09', '11:08', '18:17', 8441);
insert into Evento (IDdisciplina, Fase, Precio, Fecha, Hora_Inicio, Hora_Fin, Entradas_Vendidas) values ('Esquí de fondo femenino relevos', 'Clasificatoria', 8728.58, '2021-07-09', '12:28', '16:26', 4763);
insert into Evento (IDdisciplina, Fase, Precio, Fecha, Hora_Inicio, Hora_Fin, Entradas_Vendidas) values ('Ciclismo montaña parejas', 'Preliminares', 17439.65, '2022-07-23', '14:12', '16:02', 5754);
insert into Evento (IDdisciplina, Fase, Precio, Fecha, Hora_Inicio, Hora_Fin, Entradas_Vendidas) values ('Surf', 'Prueba', 13209.75, '2023-10-25', '17:41', '19:23', 3960);
insert into Evento (IDdisciplina, Fase, Precio, Fecha, Hora_Inicio, Hora_Fin, Entradas_Vendidas) values ('Triatlón femenino', 'Semifinales', 14616.98, '2020-08-05', '13:34', '14:00', 2518);
insert into Evento (IDdisciplina, Fase, Precio, Fecha, Hora_Inicio, Hora_Fin, Entradas_Vendidas) values ('Surf', 'Semifinales', 2774.54, '2023-10-01', '11:17', '14:29', 4612);
insert into Evento (IDdisciplina, Fase, Precio, Fecha, Hora_Inicio, Hora_Fin, Entradas_Vendidas) values ('Atletismo salto triple', 'Eliminatorias', 9024.83, '2023-07-02', '14:35', '15:30', 3875);
insert into Evento (IDdisciplina, Fase, Precio, Fecha, Hora_Inicio, Hora_Fin, Entradas_Vendidas) values ('Atletismo Saltos', 'Finales', 14962.78, '2024-03-04', '11:56', '16:46', 9831);
insert into Evento (IDdisciplina, Fase, Precio, Fecha, Hora_Inicio, Hora_Fin, Entradas_Vendidas) values ('Esquí alpino slalom Gigante', 'Prueba', 12713.43, '2022-04-18', '11:19', '12:26', 9855);
insert into Evento (IDdisciplina, Fase, Precio, Fecha, Hora_Inicio, Hora_Fin, Entradas_Vendidas) values ('Natación 100 metros libre', 'Prueba', 14698.80, '2024-06-05', '12:19', '15:00', 8258);
insert into Evento (IDdisciplina, Fase, Precio, Fecha, Hora_Inicio, Hora_Fin, Entradas_Vendidas) values ('Natación 1500 metros libre', 'Finales', 10105.43, '2023-01-26', '11:26', '16:21', 3383);
insert into Evento (IDdisciplina, Fase, Precio, Fecha, Hora_Inicio, Hora_Fin, Entradas_Vendidas) values ('Atletismo 5000 metros femenil', 'Prueba', 18535.45, '2021-08-19', '11:21', '16:27', 8152);
insert into Evento (IDdisciplina, Fase, Precio, Fecha, Hora_Inicio, Hora_Fin, Entradas_Vendidas) values ('Atletismo 5000 metros femenil', 'Prueba', 17052.51, '2020-05-07', '12:58', '17:27', 4234);
insert into Evento (IDdisciplina, Fase, Precio, Fecha, Hora_Inicio, Hora_Fin, Entradas_Vendidas) values ('Tiro al plato skeet', 'Eliminatorias', 6176.65, '2021-04-14', '11:35', '14:23', 6710);
insert into Evento (IDdisciplina, Fase, Precio, Fecha, Hora_Inicio, Hora_Fin, Entradas_Vendidas) values ('Piragüismo slalom en pareja', 'Clasificatoria', 18237.13, '2023-10-02', '14:31', '16:17', 463);
insert into Evento (IDdisciplina, Fase, Precio, Fecha, Hora_Inicio, Hora_Fin, Entradas_Vendidas) values ('Natación relevos 4x100 combinado', 'Eliminatorias', 5816.36, '2022-11-09', '12:42', '19:03', 4101);
insert into Evento (IDdisciplina, Fase, Precio, Fecha, Hora_Inicio, Hora_Fin, Entradas_Vendidas) values ('Atletismo salto de longitud', 'Eliminatorias', 6462.63, '2024-01-28', '13:43', '17:11', 7803);
insert into Evento (IDdisciplina, Fase, Precio, Fecha, Hora_Inicio, Hora_Fin, Entradas_Vendidas) values ('Béisbol 3x3', 'Preliminares', 3699.55, '2023-02-01', '14:49', '17:44', 8656);
insert into Evento (IDdisciplina, Fase, Precio, Fecha, Hora_Inicio, Hora_Fin, Entradas_Vendidas) values ('Balonmano', 'Preliminares', 9206.42, '2021-09-13', '10:18', '15:22', 8228);
insert into Evento (IDdisciplina, Fase, Precio, Fecha, Hora_Inicio, Hora_Fin, Entradas_Vendidas) values ('Gimnasia trampolín', 'Semifinales', 8202.21, '2023-03-28', '16:24', '19:06', 2798);
insert into Evento (IDdisciplina, Fase, Precio, Fecha, Hora_Inicio, Hora_Fin, Entradas_Vendidas) values ('Esgrima con Sable Laser por equipos', 'Preliminares', 4929.09, '2021-01-23', '11:27', '13:04', 6394);
insert into Evento (IDdisciplina, Fase, Precio, Fecha, Hora_Inicio, Hora_Fin, Entradas_Vendidas) values ('Natación 100 metros relevos', 'Clasificatoria', 6486.81, '2021-07-26', '16:24', '20:52', 5302);
insert into Evento (IDdisciplina, Fase, Precio, Fecha, Hora_Inicio, Hora_Fin, Entradas_Vendidas) values ('Skeleton Femenino', 'Finales', 13600.13, '2020-06-17', '13:42', '16:40', 6970);
insert into Evento (IDdisciplina, Fase, Precio, Fecha, Hora_Inicio, Hora_Fin, Entradas_Vendidas) values ('Tenis de mesa dobles', 'Finales', 10357.80, '2023-08-22', '10:25', '19:31', 4213);
insert into Evento (IDdisciplina, Fase, Precio, Fecha, Hora_Inicio, Hora_Fin, Entradas_Vendidas) values ('Ecuestre doma', 'Clasificatoria', 4316.77, '2021-03-09', '11:51', '16:26', 6388);
insert into Evento (IDdisciplina, Fase, Precio, Fecha, Hora_Inicio, Hora_Fin, Entradas_Vendidas) values ('Esquí de fondo femenino relevos', 'Preliminares', 2111.41, '2023-11-27', '13:19', '15:41', 1884);
insert into Evento (IDdisciplina, Fase, Precio, Fecha, Hora_Inicio, Hora_Fin, Entradas_Vendidas) values ('Natación 100 metros mariposa', 'Finales', 13859.51, '2022-05-30', '13:11', '16:25', 5768);
insert into Evento (IDdisciplina, Fase, Precio, Fecha, Hora_Inicio, Hora_Fin, Entradas_Vendidas) values ('Atletismo 5000 metros', 'Semifinales', 18734.10, '2020-06-24', '15:58', '18:26', 6133);
insert into Evento (IDdisciplina, Fase, Precio, Fecha, Hora_Inicio, Hora_Fin, Entradas_Vendidas) values ('Ciclismo relevos en pista', 'Eliminatorias', 11666.25, '2022-01-30', '11:15', '17:42', 884);
insert into Evento (IDdisciplina, Fase, Precio, Fecha, Hora_Inicio, Hora_Fin, Entradas_Vendidas) values ('Piragüismo slalom individual', 'Eliminatorias', 2194.85, '2024-03-15', '11:06', '14:59', 7511);
insert into Evento (IDdisciplina, Fase, Precio, Fecha, Hora_Inicio, Hora_Fin, Entradas_Vendidas) values ('Triatlón femenino', 'Prueba', 6972.40, '2020-11-11', '10:51', '15:36', 5624);
insert into Evento (IDdisciplina, Fase, Precio, Fecha, Hora_Inicio, Hora_Fin, Entradas_Vendidas) values ('Atletismo lanzamiento de jabalina', 'Semifinales', 9550.63, '2020-12-05', '13:35', '18:47', 1194);
insert into Evento (IDdisciplina, Fase, Precio, Fecha, Hora_Inicio, Hora_Fin, Entradas_Vendidas) values ('Tenis de mesa individual', 'Finales', 10761.87, '2023-02-26', '13:47', '16:31', 4153);
insert into Evento (IDdisciplina, Fase, Precio, Fecha, Hora_Inicio, Hora_Fin, Entradas_Vendidas) values ('Ciclismo en ruta Femenino', 'Eliminatorias', 8915.31, '2022-07-29', '11:27', '17:40', 2343);
insert into Evento (IDdisciplina, Fase, Precio, Fecha, Hora_Inicio, Hora_Fin, Entradas_Vendidas) values ('Esgrima con Sable Laser por equipos', 'Clasificatoria', 12640.07, '2023-04-29', '11:47', '15:24', 1131);
insert into Evento (IDdisciplina, Fase, Precio, Fecha, Hora_Inicio, Hora_Fin, Entradas_Vendidas) values ('Taekwondo -57 kg', 'Preliminares', 8696.24, '2022-02-04', '13:01', '16:30', 9704);
insert into Evento (IDdisciplina, Fase, Precio, Fecha, Hora_Inicio, Hora_Fin, Entradas_Vendidas) values ('Tenis de mesa dobles', 'Clasificatoria', 11070.53, '2023-06-19', '16:41', '18:12', 194);
insert into Evento (IDdisciplina, Fase, Precio, Fecha, Hora_Inicio, Hora_Fin, Entradas_Vendidas) values ('Esgrima sable femenino', 'Eliminatorias', 9044.09, '2024-04-21', '10:36', '14:36', 7851);
insert into Evento (IDdisciplina, Fase, Precio, Fecha, Hora_Inicio, Hora_Fin, Entradas_Vendidas) values ('Natación relevos 4x100 combinado', 'Preliminares', 4741.76, '2021-06-22', '13:28', '18:25', 8294);
insert into Evento (IDdisciplina, Fase, Precio, Fecha, Hora_Inicio, Hora_Fin, Entradas_Vendidas) values ('Lucha libre femenil', 'Semifinales', 9733.38, '2021-06-29', '14:40', '18:15', 464);
insert into Evento (IDdisciplina, Fase, Precio, Fecha, Hora_Inicio, Hora_Fin, Entradas_Vendidas) values ('Ciclismo montaña', 'Prueba', 1969.20, '2024-05-15', '12:32', '15:31', 3456);
insert into Evento (IDdisciplina, Fase, Precio, Fecha, Hora_Inicio, Hora_Fin, Entradas_Vendidas) values ('Bádminton dobles', 'Clasificatoria', 1338.65, '2024-05-31', '15:39', '19:01', 1516);
insert into Evento (IDdisciplina, Fase, Precio, Fecha, Hora_Inicio, Hora_Fin, Entradas_Vendidas) values ('Patinaje artístico por parejas femenil', 'Semifinales', 7571.95, '2023-12-11', '11:36', '18:47', 8527);
insert into Evento (IDdisciplina, Fase, Precio, Fecha, Hora_Inicio, Hora_Fin, Entradas_Vendidas) values ('Pentatlón femenino', 'Semifinales', 6073.60, '2024-02-11', '16:18', '20:31', 6466);
insert into Evento (IDdisciplina, Fase, Precio, Fecha, Hora_Inicio, Hora_Fin, Entradas_Vendidas) values ('Béisbol', 'Preliminares', 8062.50, '2024-03-08', '11:34', '13:39', 2202);
insert into Evento (IDdisciplina, Fase, Precio, Fecha, Hora_Inicio, Hora_Fin, Entradas_Vendidas) values ('Atletismo salto triple', 'Prueba', 12418.04, '2022-11-04', '11:36', '17:40', 5374);
insert into Evento (IDdisciplina, Fase, Precio, Fecha, Hora_Inicio, Hora_Fin, Entradas_Vendidas) values ('Hockey sala', 'Prueba', 6437.01, '2024-05-14', '11:30', '15:41', 6575);
insert into Evento (IDdisciplina, Fase, Precio, Fecha, Hora_Inicio, Hora_Fin, Entradas_Vendidas) values ('Natación relevos 4x200 libre', 'Preliminares', 9208.67, '2022-04-04', '12:29', '17:15', 5859);
insert into Evento (IDdisciplina, Fase, Precio, Fecha, Hora_Inicio, Hora_Fin, Entradas_Vendidas) values ('Patinaje de velocidad relevos', 'Semifinales', 16500.42, '2020-12-28', '14:21', '16:35', 5421);
insert into Evento (IDdisciplina, Fase, Precio, Fecha, Hora_Inicio, Hora_Fin, Entradas_Vendidas) values ('Esgrima sable masculino', 'Clasificatoria', 6779.64, '2021-08-28', '11:46', '15:23', 6826);
insert into Evento (IDdisciplina, Fase, Precio, Fecha, Hora_Inicio, Hora_Fin, Entradas_Vendidas) values ('Hockey sobre césped Modalidad Femenina', 'Preliminares', 8348.37, '2023-09-01', '16:51', '20:50', 7557);
insert into Evento (IDdisciplina, Fase, Precio, Fecha, Hora_Inicio, Hora_Fin, Entradas_Vendidas) values ('Natación 100 metros relevos', 'Prueba', 7346.80, '2020-12-09', '15:24', '18:19', 6399);
insert into Evento (IDdisciplina, Fase, Precio, Fecha, Hora_Inicio, Hora_Fin, Entradas_Vendidas) values ('Ecuestre doma', 'Prueba', 13296.26, '2023-11-13', '12:37', '18:32', 421);
insert into Evento (IDdisciplina, Fase, Precio, Fecha, Hora_Inicio, Hora_Fin, Entradas_Vendidas) values ('Esgrima individual femenino', 'Finales', 7122.07, '2022-05-08', '10:03', '14:12', 6471);
insert into Evento (IDdisciplina, Fase, Precio, Fecha, Hora_Inicio, Hora_Fin, Entradas_Vendidas) values ('Atletismo relevos 4x100', 'Preliminares', 2043.20, '2023-04-01', '13:47', '19:46', 1736);
insert into Evento (IDdisciplina, Fase, Precio, Fecha, Hora_Inicio, Hora_Fin, Entradas_Vendidas) values ('Judo femenino', 'Preliminares', 5101.89, '2022-04-12', '13:11', '19:09', 4812);
insert into Evento (IDdisciplina, Fase, Precio, Fecha, Hora_Inicio, Hora_Fin, Entradas_Vendidas) values ('Snowboard slopestyle', 'Finales', 10936.23, '2022-04-22', '14:13', '19:19', 6690);
insert into Evento (IDdisciplina, Fase, Precio, Fecha, Hora_Inicio, Hora_Fin, Entradas_Vendidas) values ('Hockey sobre césped', 'Semifinales', 9102.58, '2022-08-19', '15:39', '18:42', 3564);
insert into Evento (IDdisciplina, Fase, Precio, Fecha, Hora_Inicio, Hora_Fin, Entradas_Vendidas) values ('Levantamiento de pesas 73 kg', 'Clasificatoria', 7032.24, '2024-05-09', '10:45', '12:24', 352);
insert into Evento (IDdisciplina, Fase, Precio, Fecha, Hora_Inicio, Hora_Fin, Entradas_Vendidas) values ('Ciclismo relevos en pista', 'Clasificatoria', 12487.65, '2020-09-23', '12:49', '15:15', 6584);
insert into Evento (IDdisciplina, Fase, Precio, Fecha, Hora_Inicio, Hora_Fin, Entradas_Vendidas) values ('Atletismo lanzamiento de martillo', 'Finales', 1247.85, '2020-09-25', '16:11', '19:46', 4605);
insert into Evento (IDdisciplina, Fase, Precio, Fecha, Hora_Inicio, Hora_Fin, Entradas_Vendidas) values ('Béisbol femenino', 'Clasificatoria', 6807.56, '2024-06-05', '11:43', '14:26', 4667);
insert into Evento (IDdisciplina, Fase, Precio, Fecha, Hora_Inicio, Hora_Fin, Entradas_Vendidas) values ('Bádminton dobles mixto', 'Finales', 8706.00, '2020-03-04', '10:31', '14:45', 1454);
insert into Evento (IDdisciplina, Fase, Precio, Fecha, Hora_Inicio, Hora_Fin, Entradas_Vendidas) values ('Luge dobles', 'Prueba', 3270.07, '2023-10-15', '11:12', '19:39', 602);
insert into Evento (IDdisciplina, Fase, Precio, Fecha, Hora_Inicio, Hora_Fin, Entradas_Vendidas) values ('Gimnasia trampolín', 'Finales', 6959.87, '2020-10-28', '12:25', '16:39', 6858);
insert into Evento (IDdisciplina, Fase, Precio, Fecha, Hora_Inicio, Hora_Fin, Entradas_Vendidas) values ('Esgrima florete', 'Eliminatorias', 11847.61, '2023-09-10', '12:11', '16:22', 8094);
insert into Evento (IDdisciplina, Fase, Precio, Fecha, Hora_Inicio, Hora_Fin, Entradas_Vendidas) values ('Karate kata', 'Clasificatoria', 3122.16, '2024-01-14', '11:49', '17:13', 7672);
insert into Evento (IDdisciplina, Fase, Precio, Fecha, Hora_Inicio, Hora_Fin, Entradas_Vendidas) values ('Natación 10 km aguas abiertas', 'Eliminatorias', 17265.35, '2024-07-04', '13:04', '19:15', 2859);
insert into Evento (IDdisciplina, Fase, Precio, Fecha, Hora_Inicio, Hora_Fin, Entradas_Vendidas) values ('Béisbol femenino', 'Eliminatorias', 17349.92, '2021-09-29', '11:56', '17:33', 8678);
insert into Evento (IDdisciplina, Fase, Precio, Fecha, Hora_Inicio, Hora_Fin, Entradas_Vendidas) values ('Lucha libre peso pesado', 'Preliminares', 13610.66, '2023-07-22', '17:11', '19:48', 8529);
insert into Evento (IDdisciplina, Fase, Precio, Fecha, Hora_Inicio, Hora_Fin, Entradas_Vendidas) values ('Béisbol 3x3 femenino', 'Prueba', 18052.84, '2024-08-08', '10:11', '13:27', 4991);
insert into Evento (IDdisciplina, Fase, Precio, Fecha, Hora_Inicio, Hora_Fin, Entradas_Vendidas) values ('Esquí de fondo 15 km', 'Finales', 16190.49, '2023-01-18', '17:01', '20:35', 8052);
insert into Evento (IDdisciplina, Fase, Precio, Fecha, Hora_Inicio, Hora_Fin, Entradas_Vendidas) values ('Salto con Pértiga', 'Finales', 11901.89, '2022-08-01', '12:23', '15:25', 9104);
insert into Evento (IDdisciplina, Fase, Precio, Fecha, Hora_Inicio, Hora_Fin, Entradas_Vendidas) values ('Levantamiento de pesas +109 kg', 'Finales', 2703.03, '2024-07-21', '14:31', '16:08', 3036);
insert into Evento (IDdisciplina, Fase, Precio, Fecha, Hora_Inicio, Hora_Fin, Entradas_Vendidas) values ('Taekwondo -57 kg', 'Eliminatorias', 3835.11, '2024-07-18', '10:09', '14:23', 5572);
insert into Evento (IDdisciplina, Fase, Precio, Fecha, Hora_Inicio, Hora_Fin, Entradas_Vendidas) values ('Natación 200 metros femenil', 'Prueba', 16314.41, '2021-04-20', '17:03', '19:20', 5643);
insert into Evento (IDdisciplina, Fase, Precio, Fecha, Hora_Inicio, Hora_Fin, Entradas_Vendidas) values ('Tiro con arco en equipo femenil', 'Finales', 15625.50, '2024-03-04', '10:43', '18:03', 899);
insert into Evento (IDdisciplina, Fase, Precio, Fecha, Hora_Inicio, Hora_Fin, Entradas_Vendidas) values ('Ecuestre doma', 'Eliminatorias', 14989.48, '2023-06-09', '15:36', '19:12', 7482);
insert into Evento (IDdisciplina, Fase, Precio, Fecha, Hora_Inicio, Hora_Fin, Entradas_Vendidas) values ('Atletismo salto de longitud', 'Prueba', 1533.57, '2021-11-14', '13:43', '16:44', 9513);
insert into Evento (IDdisciplina, Fase, Precio, Fecha, Hora_Inicio, Hora_Fin, Entradas_Vendidas) values ('Vela individual', 'Clasificatoria', 12426.05, '2022-07-06', '10:17', '17:22', 9075);
insert into Evento (IDdisciplina, Fase, Precio, Fecha, Hora_Inicio, Hora_Fin, Entradas_Vendidas) values ('Halterofilia -73 kg femenil', 'Semifinales', 10447.91, '2020-08-07', '11:38', '16:31', 6168);
insert into Evento (IDdisciplina, Fase, Precio, Fecha, Hora_Inicio, Hora_Fin, Entradas_Vendidas) values ('Tiro skeet masculino', 'Preliminares', 6697.17, '2020-04-08', '16:19', '19:00', 9401);
insert into Evento (IDdisciplina, Fase, Precio, Fecha, Hora_Inicio, Hora_Fin, Entradas_Vendidas) values ('Triatlón femenino', 'Preliminares', 1805.95, '2022-07-22', '10:17', '14:53', 6762);
insert into Evento (IDdisciplina, Fase, Precio, Fecha, Hora_Inicio, Hora_Fin, Entradas_Vendidas) values ('Halterofilia -73 kg femenil', 'Clasificatoria', 11035.60, '2022-01-17', '15:40', '17:15', 3898);
insert into Evento (IDdisciplina, Fase, Precio, Fecha, Hora_Inicio, Hora_Fin, Entradas_Vendidas) values ('Triatlón femenino', 'Finales', 11057.51, '2023-11-06', '11:02', '15:32', 8418);
insert into Evento (IDdisciplina, Fase, Precio, Fecha, Hora_Inicio, Hora_Fin, Entradas_Vendidas) values ('Tenis de mesa individual', 'Clasificatoria', 7198.78, '2020-06-19', '11:55', '14:02', 1588);
insert into Evento (IDdisciplina, Fase, Precio, Fecha, Hora_Inicio, Hora_Fin, Entradas_Vendidas) values ('Piragüismo slalom individual', 'Finales', 15679.37, '2023-01-08', '12:24', '17:41', 3993);
insert into Evento (IDdisciplina, Fase, Precio, Fecha, Hora_Inicio, Hora_Fin, Entradas_Vendidas) values ('Natación 10 km aguas abiertas', 'Semifinales', 7200.60, '2020-11-03', '14:27', '19:41', 3536);
insert into Evento (IDdisciplina, Fase, Precio, Fecha, Hora_Inicio, Hora_Fin, Entradas_Vendidas) values ('Ciclismo montaña', 'Preliminares', 8646.91, '2024-02-27', '15:51', '19:08', 2627);
insert into Evento (IDdisciplina, Fase, Precio, Fecha, Hora_Inicio, Hora_Fin, Entradas_Vendidas) values ('Tiro skeet masculino', 'Preliminares', 4282.33, '2024-05-31', '10:20', '17:29', 3101);
insert into Evento (IDdisciplina, Fase, Precio, Fecha, Hora_Inicio, Hora_Fin, Entradas_Vendidas) values ('Clavados 3 metros trampolín', 'Eliminatorias', 11188.45, '2023-10-04', '11:26', '16:09', 1149);
insert into Evento (IDdisciplina, Fase, Precio, Fecha, Hora_Inicio, Hora_Fin, Entradas_Vendidas) values ('Béisbol', 'Prueba', 5516.24, '2023-11-26', '14:17', '17:02', 468);
insert into Evento (IDdisciplina, Fase, Precio, Fecha, Hora_Inicio, Hora_Fin, Entradas_Vendidas) values ('Golf', 'Eliminatorias', 13828.03, '2021-02-28', '12:30', '14:20', 5247);
insert into Evento (IDdisciplina, Fase, Precio, Fecha, Hora_Inicio, Hora_Fin, Entradas_Vendidas) values ('Lucha libre peso mediano', 'Prueba', 8162.39, '2020-10-07', '14:43', '17:07', 4763);
insert into Evento (IDdisciplina, Fase, Precio, Fecha, Hora_Inicio, Hora_Fin, Entradas_Vendidas) values ('Atletismo 5000 metros varonil', 'Preliminares', 9169.94, '2021-05-29', '14:50', '16:24', 6348);
insert into Evento (IDdisciplina, Fase, Precio, Fecha, Hora_Inicio, Hora_Fin, Entradas_Vendidas) values ('Patinaje de velocidad individual', 'Prueba', 10019.79, '2020-06-17', '12:54', '15:35', 739);
insert into Evento (IDdisciplina, Fase, Precio, Fecha, Hora_Inicio, Hora_Fin, Entradas_Vendidas) values ('Natación 1500 metros libre', 'Clasificatoria', 13829.64, '2020-09-12', '11:07', '19:32', 4311);
insert into Evento (IDdisciplina, Fase, Precio, Fecha, Hora_Inicio, Hora_Fin, Entradas_Vendidas) values ('Natación 10 km aguas abiertas', 'Eliminatorias', 8725.99, '2022-01-01', '13:45', '15:08', 3736);
insert into Evento (IDdisciplina, Fase, Precio, Fecha, Hora_Inicio, Hora_Fin, Entradas_Vendidas) values ('Natación 200 metros femenil', 'Clasificatoria', 17531.87, '2021-03-07', '10:53', '14:45', 2497);
insert into Evento (IDdisciplina, Fase, Precio, Fecha, Hora_Inicio, Hora_Fin, Entradas_Vendidas) values ('Tiro skeet masculino', 'Prueba', 6358.25, '2022-03-09', '13:02', '16:55', 7947);
insert into Evento (IDdisciplina, Fase, Precio, Fecha, Hora_Inicio, Hora_Fin, Entradas_Vendidas) values ('Patinaje de velocidad relevos', 'Semifinales', 18379.89, '2020-06-16', '11:24', '18:43', 1377);
insert into Evento (IDdisciplina, Fase, Precio, Fecha, Hora_Inicio, Hora_Fin, Entradas_Vendidas) values ('Karate kata', 'Preliminares', 6032.89, '2021-02-14', '12:34', '18:49', 4989);
insert into Evento (IDdisciplina, Fase, Precio, Fecha, Hora_Inicio, Hora_Fin, Entradas_Vendidas) values ('Esquí de fondo 30 km', 'Clasificatoria', 10471.00, '2020-07-05', '10:46', '18:32', 2991);
insert into Evento (IDdisciplina, Fase, Precio, Fecha, Hora_Inicio, Hora_Fin, Entradas_Vendidas) values ('Atletismo salto triple', 'Clasificatoria', 9349.08, '2022-07-03', '12:36', '15:52', 4719);
insert into Evento (IDdisciplina, Fase, Precio, Fecha, Hora_Inicio, Hora_Fin, Entradas_Vendidas) values ('Esquí de fondo femenino relevos', 'Clasificatoria', 2638.22, '2022-05-01', '15:32', '18:59', 2402);
insert into Evento (IDdisciplina, Fase, Precio, Fecha, Hora_Inicio, Hora_Fin, Entradas_Vendidas) values ('Balonmano', 'Preliminares', 4556.43, '2023-12-02', '11:21', '19:50', 2773);
insert into Evento (IDdisciplina, Fase, Precio, Fecha, Hora_Inicio, Hora_Fin, Entradas_Vendidas) values ('Vela individual', 'Eliminatorias', 14683.13, '2020-11-04', '11:16', '13:00', 5820);
insert into Evento (IDdisciplina, Fase, Precio, Fecha, Hora_Inicio, Hora_Fin, Entradas_Vendidas) values ('Hockey sobre césped', 'Preliminares', 2108.32, '2022-05-11', '15:06', '19:44', 9557);
insert into Evento (IDdisciplina, Fase, Precio, Fecha, Hora_Inicio, Hora_Fin, Entradas_Vendidas) values ('Natación relevos 4x200 libre', 'Semifinales', 14249.49, '2020-11-20', '10:41', '17:13', 3736);
insert into Evento (IDdisciplina, Fase, Precio, Fecha, Hora_Inicio, Hora_Fin, Entradas_Vendidas) values ('Ciclismo relevos en pista', 'Preliminares', 11956.73, '2024-02-12', '12:14', '16:58', 2287);
insert into Evento (IDdisciplina, Fase, Precio, Fecha, Hora_Inicio, Hora_Fin, Entradas_Vendidas) values ('Natación 200 metros espalda', 'Preliminares', 12541.74, '2020-01-03', '13:20', '15:35', 7677);
insert into Evento (IDdisciplina, Fase, Precio, Fecha, Hora_Inicio, Hora_Fin, Entradas_Vendidas) values ('Tiro skeet femenino', 'Preliminares', 10475.99, '2024-03-03', '10:58', '16:57', 9914);
insert into Evento (IDdisciplina, Fase, Precio, Fecha, Hora_Inicio, Hora_Fin, Entradas_Vendidas) values ('Béisbol femenino', 'Semifinales', 15471.68, '2021-01-05', '13:39', '14:49', 2830);
insert into Evento (IDdisciplina, Fase, Precio, Fecha, Hora_Inicio, Hora_Fin, Entradas_Vendidas) values ('Natación 1500 metros libre', 'Finales', 14794.90, '2020-12-21', '10:05', '14:19', 7555);
insert into Evento (IDdisciplina, Fase, Precio, Fecha, Hora_Inicio, Hora_Fin, Entradas_Vendidas) values ('Skeleton', 'Eliminatorias', 18115.91, '2021-08-25', '16:16', '20:29', 7977);
insert into Evento (IDdisciplina, Fase, Precio, Fecha, Hora_Inicio, Hora_Fin, Entradas_Vendidas) values ('Tiro skeet femenino', 'Eliminatorias', 3255.68, '2023-04-17', '10:35', '12:00', 1350);
insert into Evento (IDdisciplina, Fase, Precio, Fecha, Hora_Inicio, Hora_Fin, Entradas_Vendidas) values ('Pentatlón femenino', 'Preliminares', 14109.57, '2020-02-07', '15:49', '19:11', 7782);
insert into Evento (IDdisciplina, Fase, Precio, Fecha, Hora_Inicio, Hora_Fin, Entradas_Vendidas) values ('Natación relevos 4x100 combinado', 'Clasificatoria', 2283.70, '2021-02-19', '12:36', '14:46', 2696);
insert into Evento (IDdisciplina, Fase, Precio, Fecha, Hora_Inicio, Hora_Fin, Entradas_Vendidas) values ('Lucha libre peso ligero', 'Clasificatoria', 14333.20, '2023-06-03', '14:18', '17:16', 7957);
insert into Evento (IDdisciplina, Fase, Precio, Fecha, Hora_Inicio, Hora_Fin, Entradas_Vendidas) values ('Hockey sala', 'Eliminatorias', 13121.99, '2020-03-18', '11:09', '12:17', 4112);
insert into Evento (IDdisciplina, Fase, Precio, Fecha, Hora_Inicio, Hora_Fin, Entradas_Vendidas) values ('Esquí alpino slalom', 'Clasificatoria', 4355.07, '2020-01-17', '11:44', '13:35', 8404);
